G20
G17
G90
G00 X9.3057 Y0.1377
M3 S50 ; PEN DOWN
G01 X9.2781 Y0.1101
G01 X9.2506 Y0.1101
G01 X9.2231 Y0.0826
G01 X9.1955 Y0.0551
G01 X9.1680 Y0.0551
G01 X9.1405 Y0.0275
G01 X9.1129 Y0.0000
G01 X9.0854 Y0.0000
G01 X9.1129 Y0.0000
G01 X9.1405 Y0.0275
G01 X9.1680 Y0.0551
G01 X9.1955 Y0.0551
G01 X9.2231 Y0.0826
G01 X9.2506 Y0.1101
G01 X9.2781 Y0.1101
M3 S30 ; PEN UP
G00 X8.7275 Y0.7984
M3 S50 ; PEN DOWN
G01 X8.7550 Y0.7709
G01 X8.7275 Y0.7984
G01 X8.7275 Y0.8259
M3 S30 ; PEN UP
G00 X8.6449 Y0.7984
M3 S50 ; PEN DOWN
G01 X8.6174 Y0.7709
G01 X8.6174 Y0.7434
G01 X8.5898 Y0.7158
G01 X8.5623 Y0.6883
G01 X8.5348 Y0.6608
G01 X8.5072 Y0.6332
G01 X8.4797 Y0.6057
G01 X8.4522 Y0.6057
G01 X8.4246 Y0.5782
G01 X8.3971 Y0.5506
G01 X8.3696 Y0.5506
G01 X8.3421 Y0.5231
G01 X8.3145 Y0.4956
G01 X8.2870 Y0.4680
G01 X8.2595 Y0.4680
G01 X8.2319 Y0.4405
G01 X8.2044 Y0.4130
G01 X8.1769 Y0.3854
G01 X8.1493 Y0.3854
G01 X8.1218 Y0.3579
G01 X8.0943 Y0.3304
G01 X8.0667 Y0.3304
G01 X8.0392 Y0.3028
G01 X8.0117 Y0.3028
G01 X8.0392 Y0.3028
G01 X8.0667 Y0.3304
G01 X8.0943 Y0.3304
G01 X8.1218 Y0.3579
G01 X8.1493 Y0.3854
G01 X8.1769 Y0.3854
G01 X8.2044 Y0.4130
G01 X8.2319 Y0.4405
G01 X8.2595 Y0.4680
G01 X8.2870 Y0.4680
G01 X8.3145 Y0.4956
G01 X8.3421 Y0.5231
G01 X8.3696 Y0.5506
G01 X8.3971 Y0.5506
G01 X8.4246 Y0.5782
G01 X8.4522 Y0.6057
G01 X8.4797 Y0.6057
G01 X8.5072 Y0.6332
G01 X8.5348 Y0.6608
G01 X8.5623 Y0.6883
G01 X8.5898 Y0.7158
G01 X8.6174 Y0.7434
G01 X8.6174 Y0.7709
M3 S30 ; PEN UP
G00 X10.7924 Y1.8171
M3 S50 ; PEN DOWN
G01 X10.7648 Y1.8171
G01 X10.7924 Y1.8171
G01 X10.8199 Y1.8446
M3 S30 ; PEN UP
G00 X10.7098 Y2.1199
M3 S50 ; PEN DOWN
G01 X10.6822 Y2.1199
M3 S30 ; PEN UP
G00 X11.5082 Y1.8721
M3 S50 ; PEN DOWN
G01 X11.4806 Y1.8446
G01 X11.4531 Y1.8171
G01 X11.4806 Y1.8446
G01 X11.5082 Y1.8721
G01 X11.5357 Y1.8997
M3 S30 ; PEN UP
G00 X14.5091 Y3.1937
M3 S50 ; PEN DOWN
G01 X14.5366 Y3.1937
G01 X14.5642 Y3.1937
G01 X14.5366 Y3.1937
M3 S30 ; PEN UP
G00 X14.9496 Y3.3038
M3 S50 ; PEN DOWN
G01 X14.9771 Y3.3038
M3 S30 ; PEN UP
G00 X14.9771 Y3.0009
M3 S50 ; PEN DOWN
G01 X15.0047 Y3.0009
G01 X15.0322 Y3.0009
G01 X15.0047 Y3.0009
M3 S30 ; PEN UP
G00 X12.6645 Y6.1120
M3 S50 ; PEN DOWN
G01 X12.6920 Y6.0845
G01 X12.6920 Y6.0569
G01 X12.6920 Y6.0294
G01 X12.6920 Y6.0019
G01 X12.6920 Y5.9743
G01 X12.6920 Y5.9468
G01 X12.6920 Y5.9193
G01 X12.6920 Y5.8917
G01 X12.7196 Y5.8642
G01 X12.7196 Y5.8367
G01 X12.7196 Y5.8092
G01 X12.7471 Y5.7816
G01 X12.7471 Y5.7541
G01 X12.7471 Y5.7266
G01 X12.7746 Y5.6990
G01 X12.7746 Y5.6715
G01 X12.7746 Y5.6440
G01 X12.8022 Y5.6164
G01 X12.8022 Y5.5889
G01 X12.8022 Y5.5614
G01 X12.8297 Y5.5338
G01 X12.8297 Y5.5063
G01 X12.8297 Y5.4788
G01 X12.8297 Y5.4512
G01 X12.8297 Y5.4237
G01 X12.8297 Y5.3962
G01 X12.8297 Y5.3686
G01 X12.8297 Y5.3411
G01 X12.8022 Y5.3136
G01 X12.7746 Y5.2861
G01 X12.7746 Y5.2585
G01 X12.7746 Y5.2310
G01 X12.7746 Y5.2035
G01 X12.7746 Y5.1759
G01 X12.7746 Y5.1484
G01 X12.7746 Y5.1209
G01 X12.7746 Y5.0933
G01 X12.7471 Y5.0658
G01 X12.7471 Y5.0383
G01 X12.7471 Y5.0107
G01 X12.7471 Y4.9832
G01 X12.7471 Y4.9557
G01 X12.7471 Y4.9281
G01 X12.7471 Y4.9006
G01 X12.7471 Y4.8731
G01 X12.7471 Y4.8455
G01 X12.7471 Y4.8180
G01 X12.7746 Y4.7905
G01 X12.7746 Y4.7630
G01 X12.7746 Y4.7354
G01 X12.7746 Y4.7079
G01 X12.7746 Y4.6804
G01 X12.8022 Y4.6528
G01 X12.8297 Y4.6253
G01 X12.8572 Y4.5978
G01 X12.8848 Y4.5978
G01 X12.9123 Y4.6253
G01 X12.9398 Y4.6528
G01 X12.9673 Y4.6804
G01 X12.9949 Y4.7079
G01 X12.9673 Y4.6804
G01 X12.9398 Y4.6528
G01 X12.9398 Y4.6253
G01 X12.9398 Y4.5978
G01 X12.9123 Y4.5702
G01 X12.8848 Y4.5702
G01 X12.8572 Y4.5702
G01 X12.8297 Y4.5427
G01 X12.8297 Y4.5152
G01 X12.8572 Y4.4876
G01 X12.8572 Y4.4601
G01 X12.8572 Y4.4326
G01 X12.8572 Y4.4050
G01 X12.8572 Y4.3775
G01 X12.8297 Y4.3500
G01 X12.8022 Y4.3500
G01 X12.7746 Y4.3224
G01 X12.7471 Y4.3224
G01 X12.7196 Y4.2949
G01 X12.6920 Y4.2674
G01 X12.6645 Y4.2399
G01 X12.6645 Y4.2123
G01 X12.6370 Y4.1848
G01 X12.6094 Y4.1573
G01 X12.5819 Y4.1297
G01 X12.5544 Y4.1022
G01 X12.5268 Y4.0747
G01 X12.4993 Y4.0471
G01 X12.4718 Y4.0196
G01 X12.4442 Y3.9921
G01 X12.4167 Y3.9645
G01 X12.3892 Y3.9645
G01 X12.3617 Y3.9370
G01 X12.3341 Y3.9095
G01 X12.3066 Y3.8819
G01 X12.2791 Y3.8819
G01 X12.2515 Y3.8544
G01 X12.2240 Y3.8269
G01 X12.1965 Y3.8269
G01 X12.1689 Y3.7994
G01 X12.1414 Y3.7718
G01 X12.1139 Y3.7443
G01 X12.0863 Y3.7443
G01 X12.0588 Y3.7168
G01 X12.0313 Y3.7168
G01 X12.0037 Y3.6892
G01 X11.9762 Y3.6617
G01 X11.9487 Y3.6617
G01 X11.9211 Y3.6342
G01 X11.8936 Y3.6342
G01 X11.8661 Y3.6066
G01 X11.8386 Y3.6066
G01 X11.8110 Y3.6066
G01 X11.7835 Y3.5791
G01 X11.7560 Y3.5791
G01 X11.7284 Y3.5516
G01 X11.7009 Y3.5516
G01 X11.6734 Y3.5240
G01 X11.6458 Y3.5240
G01 X11.6183 Y3.5240
G01 X11.5908 Y3.4965
G01 X11.5632 Y3.4690
G01 X11.5357 Y3.4690
G01 X11.5082 Y3.4690
G01 X11.4806 Y3.4690
G01 X11.4531 Y3.4414
G01 X11.4256 Y3.4139
G01 X11.3981 Y3.3864
G01 X11.3705 Y3.3864
G01 X11.3430 Y3.3588
G01 X11.3155 Y3.3588
G01 X11.2879 Y3.3588
G01 X11.2604 Y3.3313
G01 X11.2329 Y3.3313
G01 X11.2053 Y3.3313
G01 X11.1778 Y3.3038
G01 X11.1503 Y3.3038
G01 X11.1227 Y3.2763
G01 X11.0952 Y3.2763
G01 X11.0677 Y3.2763
G01 X11.0401 Y3.3038
G01 X11.0126 Y3.3313
G01 X11.0126 Y3.3588
G01 X10.9851 Y3.3864
G01 X10.9575 Y3.3864
G01 X10.9300 Y3.3864
G01 X10.9025 Y3.3588
G01 X10.8750 Y3.3313
G01 X10.8750 Y3.3038
G01 X10.8474 Y3.2763
G01 X10.8199 Y3.2487
G01 X10.7924 Y3.2487
G01 X10.7648 Y3.2487
G01 X10.7373 Y3.2487
G01 X10.7098 Y3.2763
G01 X10.7098 Y3.3038
G01 X10.6822 Y3.3313
G01 X10.7098 Y3.3588
G01 X10.7098 Y3.3864
G01 X10.7373 Y3.4139
G01 X10.7648 Y3.4414
G01 X10.7924 Y3.4414
G01 X10.8199 Y3.4690
G01 X10.8474 Y3.4690
G01 X10.8750 Y3.4690
G01 X10.9025 Y3.4965
G01 X10.9300 Y3.4965
G01 X10.9575 Y3.4965
G01 X10.9851 Y3.4965
G01 X11.0126 Y3.4965
G01 X11.0401 Y3.5240
G01 X11.0677 Y3.5516
G01 X11.0677 Y3.5791
G01 X11.0677 Y3.6066
G01 X11.0401 Y3.6342
G01 X11.0401 Y3.6617
G01 X11.0401 Y3.6892
G01 X11.0126 Y3.7168
G01 X11.0126 Y3.7443
G01 X10.9851 Y3.7718
G01 X10.9851 Y3.7994
G01 X10.9851 Y3.8269
G01 X10.9575 Y3.8544
G01 X10.9575 Y3.8819
G01 X10.9575 Y3.9095
G01 X10.9300 Y3.9370
G01 X10.9300 Y3.9645
G01 X10.9025 Y3.9921
G01 X10.9025 Y4.0196
G01 X10.9025 Y4.0471
G01 X10.8750 Y4.0747
G01 X10.8750 Y4.1022
G01 X10.8474 Y4.1297
G01 X10.8474 Y4.1573
G01 X10.8474 Y4.1848
G01 X10.8199 Y4.2123
G01 X10.7924 Y4.2399
G01 X10.7648 Y4.2399
G01 X10.7373 Y4.2123
G01 X10.7098 Y4.2123
G01 X10.6822 Y4.2123
G01 X10.6547 Y4.1848
G01 X10.6272 Y4.1848
G01 X10.5996 Y4.1573
G01 X10.5721 Y4.1297
G01 X10.5446 Y4.1297
G01 X10.5170 Y4.1022
G01 X10.4895 Y4.0747
G01 X10.4620 Y4.0747
G01 X10.4344 Y4.0471
G01 X10.4069 Y4.0471
G01 X10.3794 Y4.0196
G01 X10.3519 Y4.0196
G01 X10.3243 Y3.9921
G01 X10.2968 Y3.9645
G01 X10.2693 Y3.9645
G01 X10.2417 Y3.9370
G01 X10.2142 Y3.9370
G01 X10.1867 Y3.9095
G01 X10.1591 Y3.8819
G01 X10.1316 Y3.8819
G01 X10.1041 Y3.8544
G01 X10.0765 Y3.8269
G01 X10.0490 Y3.8269
G01 X10.0215 Y3.7994
G01 X9.9939 Y3.7994
G01 X9.9664 Y3.7718
G01 X9.9389 Y3.7443
G01 X9.9113 Y3.7443
G01 X9.8838 Y3.7168
G01 X9.8563 Y3.7168
G01 X9.8288 Y3.6892
G01 X9.8012 Y3.6892
G01 X9.7737 Y3.6617
G01 X9.7462 Y3.6617
G01 X9.7186 Y3.6342
G01 X9.6911 Y3.6342
G01 X9.6636 Y3.6066
G01 X9.6360 Y3.6066
G01 X9.6085 Y3.5791
G01 X9.5810 Y3.5516
G01 X9.5534 Y3.5516
G01 X9.5259 Y3.5240
G01 X9.4984 Y3.4965
G01 X9.4708 Y3.4965
G01 X9.4433 Y3.4690
G01 X9.4158 Y3.4414
G01 X9.3882 Y3.4414
G01 X9.3607 Y3.4139
G01 X9.3332 Y3.3864
G01 X9.3057 Y3.3588
G01 X9.2781 Y3.3313
G01 X9.2506 Y3.3038
G01 X9.2231 Y3.3038
G01 X9.1955 Y3.2763
G01 X9.1680 Y3.2487
G01 X9.1405 Y3.2487
G01 X9.1129 Y3.2212
G01 X9.0854 Y3.1937
G01 X9.0579 Y3.1937
G01 X9.0303 Y3.1661
G01 X9.0028 Y3.1386
G01 X9.0028 Y3.1111
G01 X8.9753 Y3.0835
G01 X8.9477 Y3.0835
G01 X8.9202 Y3.0560
G01 X8.8927 Y3.0285
G01 X8.8927 Y3.0009
G01 X8.8927 Y2.9734
G01 X8.8652 Y2.9459
G01 X8.8652 Y2.9183
G01 X8.8652 Y2.8908
G01 X8.8927 Y2.8633
G01 X8.9202 Y2.8357
G01 X8.9477 Y2.8357
G01 X8.9753 Y2.8082
G01 X9.0028 Y2.8082
G01 X9.0303 Y2.7807
G01 X9.0579 Y2.7532
G01 X9.0854 Y2.7532
G01 X9.1129 Y2.7256
G01 X9.1405 Y2.6981
G01 X9.1680 Y2.6981
G01 X9.1955 Y2.6706
G01 X9.2231 Y2.6430
G01 X9.2506 Y2.6155
G01 X9.2781 Y2.6155
G01 X9.3057 Y2.5880
G01 X9.3332 Y2.5604
G01 X9.3607 Y2.5329
G01 X9.3882 Y2.5054
G01 X9.4158 Y2.4778
G01 X9.4433 Y2.4503
G01 X9.4708 Y2.4228
G01 X9.4984 Y2.3952
G01 X9.5259 Y2.3677
G01 X9.5534 Y2.3677
G01 X9.5810 Y2.3402
G01 X9.6085 Y2.3126
G01 X9.6360 Y2.2851
G01 X9.6636 Y2.2851
G01 X9.6911 Y2.2576
G01 X9.7186 Y2.2301
G01 X9.7462 Y2.2301
G01 X9.7737 Y2.2025
G01 X9.8012 Y2.1750
G01 X9.8288 Y2.1750
G01 X9.8563 Y2.1475
G01 X9.8838 Y2.1199
G01 X9.9113 Y2.0924
G01 X9.9389 Y2.0649
G01 X9.9664 Y2.0373
G01 X9.9389 Y2.0649
G01 X9.9113 Y2.0924
G01 X9.8838 Y2.1199
G01 X9.8563 Y2.1475
G01 X9.8288 Y2.1750
G01 X9.8012 Y2.1750
G01 X9.7737 Y2.2025
G01 X9.7462 Y2.2301
G01 X9.7186 Y2.2301
G01 X9.6911 Y2.2576
G01 X9.6636 Y2.2851
G01 X9.6360 Y2.2851
G01 X9.6085 Y2.3126
G01 X9.5810 Y2.3402
G01 X9.5534 Y2.3677
G01 X9.5259 Y2.3677
G01 X9.4984 Y2.3952
G01 X9.4708 Y2.4228
G01 X9.4433 Y2.4503
G01 X9.4158 Y2.4778
G01 X9.3882 Y2.5054
G01 X9.3607 Y2.5329
G01 X9.3332 Y2.5604
G01 X9.3057 Y2.5880
G01 X9.2781 Y2.6155
G01 X9.2506 Y2.6155
G01 X9.2231 Y2.6430
G01 X9.1955 Y2.6706
G01 X9.1680 Y2.6981
G01 X9.1405 Y2.6981
G01 X9.1129 Y2.7256
G01 X9.0854 Y2.7532
G01 X9.0579 Y2.7532
G01 X9.0303 Y2.7807
G01 X9.0028 Y2.8082
G01 X8.9753 Y2.8082
G01 X8.9477 Y2.8357
G01 X8.9202 Y2.8357
G01 X8.8927 Y2.8633
G01 X8.8652 Y2.8908
G01 X8.8376 Y2.8908
G01 X8.8101 Y2.8908
G01 X8.7826 Y2.8633
G01 X8.7826 Y2.8357
G01 X8.7826 Y2.8082
G01 X8.7826 Y2.7807
G01 X8.7826 Y2.7532
G01 X8.7826 Y2.7256
G01 X8.7826 Y2.6981
G01 X8.7826 Y2.6706
G01 X8.7826 Y2.6430
G01 X8.7826 Y2.6155
G01 X8.7826 Y2.5880
G01 X8.7826 Y2.5604
G01 X8.7826 Y2.5329
G01 X8.7826 Y2.5054
G01 X8.7826 Y2.4778
G01 X8.7826 Y2.4503
G01 X8.7826 Y2.4228
G01 X8.7826 Y2.3952
G01 X8.7826 Y2.3677
G01 X8.7826 Y2.3402
G01 X8.7826 Y2.3126
G01 X8.7826 Y2.2851
G01 X8.7826 Y2.2576
G01 X8.7826 Y2.2301
G01 X8.7826 Y2.2025
G01 X8.7826 Y2.1750
G01 X8.7826 Y2.1475
G01 X8.7826 Y2.1199
G01 X8.7826 Y2.0924
G01 X8.7550 Y2.0649
G01 X8.7550 Y2.0373
G01 X8.7550 Y2.0098
G01 X8.7550 Y1.9823
G01 X8.7550 Y1.9547
G01 X8.7550 Y1.9272
G01 X8.7550 Y1.8997
G01 X8.7550 Y1.8721
G01 X8.7550 Y1.8446
G01 X8.7550 Y1.8171
G01 X8.7550 Y1.7895
G01 X8.7550 Y1.7620
G01 X8.7826 Y1.7345
G01 X8.7826 Y1.7070
G01 X8.7826 Y1.6794
G01 X8.7826 Y1.6519
G01 X8.7826 Y1.6244
G01 X8.7826 Y1.5968
G01 X8.7826 Y1.5693
G01 X8.7826 Y1.5418
G01 X8.7826 Y1.5142
G01 X8.7826 Y1.4867
G01 X8.7826 Y1.4592
G01 X8.7826 Y1.4316
G01 X8.7826 Y1.4041
G01 X8.7826 Y1.3766
G01 X8.7826 Y1.3490
G01 X8.7826 Y1.3215
G01 X8.7826 Y1.2940
G01 X8.7826 Y1.2665
G01 X8.7826 Y1.2389
G01 X8.8101 Y1.2114
G01 X8.8101 Y1.1839
G01 X8.8101 Y1.1563
G01 X8.8101 Y1.1288
G01 X8.8101 Y1.1013
G01 X8.8101 Y1.0737
G01 X8.8101 Y1.0462
G01 X8.8376 Y1.0187
G01 X8.8376 Y0.9911
G01 X8.8376 Y0.9636
G01 X8.8376 Y0.9361
G01 X8.8376 Y0.9085
G01 X8.8652 Y0.8810
G01 X8.8652 Y0.8535
G01 X8.8652 Y0.8259
G01 X8.8927 Y0.7984
G01 X8.9202 Y0.7709
G01 X8.9477 Y0.7434
G01 X8.9753 Y0.7158
G01 X9.0028 Y0.7158
G01 X9.0303 Y0.6883
G01 X9.0579 Y0.6883
G01 X9.0854 Y0.6608
G01 X9.1129 Y0.6332
G01 X9.1405 Y0.6332
G01 X9.1680 Y0.6057
G01 X9.1955 Y0.6057
G01 X9.2231 Y0.5782
G01 X9.2506 Y0.5782
G01 X9.2781 Y0.5506
G01 X9.3057 Y0.5506
G01 X9.3332 Y0.5231
G01 X9.3607 Y0.5231
G01 X9.3882 Y0.4956
G01 X9.4158 Y0.4956
G01 X9.4433 Y0.4680
G01 X9.4708 Y0.4680
G01 X9.4984 Y0.4405
G01 X9.5259 Y0.4405
G01 X9.5534 Y0.4405
G01 X9.5810 Y0.4130
G01 X9.6085 Y0.4130
G01 X9.6360 Y0.3854
G01 X9.6636 Y0.3854
G01 X9.6911 Y0.3854
G01 X9.7186 Y0.3579
G01 X9.7462 Y0.3579
G01 X9.7737 Y0.3579
G01 X9.8012 Y0.3579
G01 X9.8288 Y0.3304
G01 X9.8563 Y0.3304
G01 X9.8838 Y0.3304
G01 X9.9113 Y0.3028
G01 X9.9389 Y0.3028
G01 X9.9664 Y0.3028
G01 X9.9939 Y0.2753
G01 X10.0215 Y0.2753
G01 X10.0490 Y0.2753
G01 X10.0765 Y0.2478
G01 X10.1041 Y0.2478
G01 X10.1316 Y0.2478
G01 X10.1591 Y0.2203
G01 X10.1867 Y0.2203
G01 X10.2142 Y0.1927
G01 X10.2417 Y0.1927
G01 X10.2693 Y0.1652
G01 X10.2968 Y0.1377
G01 X10.3243 Y0.1377
G01 X10.3519 Y0.1377
G01 X10.3794 Y0.1652
G01 X10.3794 Y0.1927
G01 X10.3794 Y0.2203
G01 X10.3794 Y0.2478
G01 X10.3794 Y0.2753
G01 X10.3519 Y0.3028
G01 X10.3519 Y0.3304
G01 X10.3519 Y0.3579
G01 X10.3519 Y0.3854
G01 X10.3519 Y0.4130
G01 X10.3519 Y0.4405
G01 X10.3519 Y0.4680
G01 X10.3243 Y0.4956
G01 X10.3243 Y0.5231
G01 X10.3243 Y0.5506
G01 X10.3243 Y0.5782
G01 X10.3243 Y0.6057
G01 X10.3243 Y0.6332
G01 X10.3243 Y0.6608
G01 X10.3243 Y0.6883
G01 X10.2968 Y0.7158
G01 X10.2968 Y0.7434
G01 X10.2968 Y0.7709
G01 X10.2968 Y0.7984
G01 X10.2968 Y0.8259
G01 X10.2968 Y0.8535
G01 X10.2693 Y0.8810
G01 X10.2693 Y0.9085
G01 X10.2693 Y0.9361
G01 X10.2693 Y0.9636
G01 X10.2693 Y0.9911
G01 X10.2693 Y1.0187
G01 X10.2693 Y1.0462
G01 X10.2693 Y1.0737
G01 X10.2693 Y1.1013
G01 X10.2417 Y1.1288
G01 X10.2417 Y1.1563
G01 X10.2417 Y1.1839
G01 X10.2417 Y1.2114
G01 X10.2417 Y1.2389
G01 X10.2417 Y1.2665
G01 X10.2417 Y1.2940
G01 X10.2417 Y1.3215
G01 X10.2417 Y1.3490
G01 X10.2417 Y1.3766
G01 X10.2417 Y1.4041
G01 X10.2417 Y1.4316
G01 X10.2417 Y1.4592
G01 X10.2417 Y1.4867
G01 X10.2417 Y1.5142
G01 X10.2417 Y1.5418
G01 X10.2693 Y1.5693
G01 X10.2693 Y1.5968
G01 X10.2693 Y1.6244
G01 X10.2693 Y1.6519
G01 X10.2693 Y1.6794
G01 X10.2693 Y1.7070
G01 X10.2693 Y1.7345
G01 X10.2693 Y1.7620
G01 X10.2693 Y1.7895
G01 X10.2693 Y1.8171
G01 X10.2693 Y1.7895
G01 X10.2693 Y1.7620
G01 X10.2693 Y1.7345
G01 X10.2693 Y1.7070
G01 X10.2693 Y1.6794
G01 X10.2693 Y1.6519
G01 X10.2693 Y1.6244
G01 X10.2693 Y1.5968
G01 X10.2693 Y1.5693
G01 X10.2417 Y1.5418
G01 X10.2417 Y1.5142
G01 X10.2417 Y1.4867
G01 X10.2417 Y1.4592
G01 X10.2417 Y1.4316
G01 X10.2417 Y1.4041
G01 X10.2417 Y1.3766
G01 X10.2417 Y1.3490
G01 X10.2417 Y1.3215
G01 X10.2417 Y1.2940
G01 X10.2417 Y1.2665
G01 X10.2417 Y1.2389
G01 X10.2417 Y1.2114
G01 X10.2417 Y1.1839
G01 X10.2417 Y1.1563
G01 X10.2417 Y1.1288
G01 X10.2693 Y1.1013
G01 X10.2693 Y1.0737
G01 X10.2693 Y1.0462
G01 X10.2693 Y1.0187
G01 X10.2693 Y0.9911
G01 X10.2693 Y0.9636
G01 X10.2693 Y0.9361
G01 X10.2693 Y0.9085
G01 X10.2693 Y0.8810
G01 X10.2968 Y0.8535
G01 X10.2968 Y0.8259
G01 X10.2968 Y0.7984
G01 X10.2968 Y0.7709
G01 X10.2968 Y0.7434
G01 X10.2968 Y0.7158
G01 X10.3243 Y0.6883
G01 X10.3243 Y0.6608
G01 X10.3243 Y0.6332
G01 X10.3243 Y0.6057
G01 X10.3243 Y0.5782
G01 X10.3243 Y0.5506
G01 X10.3243 Y0.5231
G01 X10.3243 Y0.4956
G01 X10.3519 Y0.4680
G01 X10.3519 Y0.4405
G01 X10.3519 Y0.4130
G01 X10.3519 Y0.3854
G01 X10.3519 Y0.3579
G01 X10.3519 Y0.3304
G01 X10.3519 Y0.3028
G01 X10.3794 Y0.2753
G01 X10.3794 Y0.2478
G01 X10.3794 Y0.2203
G01 X10.4069 Y0.1927
G01 X10.4344 Y0.1927
G01 X10.4620 Y0.1927
G01 X10.4895 Y0.1927
G01 X10.5170 Y0.2203
G01 X10.5446 Y0.2478
G01 X10.5721 Y0.2478
G01 X10.5996 Y0.2753
G01 X10.6272 Y0.2753
G01 X10.6547 Y0.3028
G01 X10.6822 Y0.3028
G01 X10.7098 Y0.3304
G01 X10.7373 Y0.3579
G01 X10.7648 Y0.3579
G01 X10.7924 Y0.3854
G01 X10.8199 Y0.4130
G01 X10.8474 Y0.4405
G01 X10.8750 Y0.4405
G01 X10.9025 Y0.4680
G01 X10.9300 Y0.4956
G01 X10.9575 Y0.5231
G01 X10.9851 Y0.5231
G01 X11.0126 Y0.5506
G01 X11.0401 Y0.5506
G01 X11.0677 Y0.5782
G01 X11.0952 Y0.6057
G01 X11.1227 Y0.6057
G01 X11.1503 Y0.6332
G01 X11.1778 Y0.6608
G01 X11.2053 Y0.6608
G01 X11.2329 Y0.6883
G01 X11.2604 Y0.7158
G01 X11.2879 Y0.7158
G01 X11.3155 Y0.7434
G01 X11.3430 Y0.7709
G01 X11.3705 Y0.7984
G01 X11.3981 Y0.7984
G01 X11.4256 Y0.8259
G01 X11.4531 Y0.8259
G01 X11.4806 Y0.8535
G01 X11.5082 Y0.8535
G01 X11.5357 Y0.8810
G01 X11.5632 Y0.8810
G01 X11.5908 Y0.9085
G01 X11.6183 Y0.9361
G01 X11.6458 Y0.9636
G01 X11.6734 Y0.9911
G01 X11.7009 Y1.0187
G01 X11.7284 Y1.0462
G01 X11.7560 Y1.0737
G01 X11.7835 Y1.0737
G01 X11.8110 Y1.1013
G01 X11.8386 Y1.1013
G01 X11.8661 Y1.1288
G01 X11.8936 Y1.1563
G01 X11.9211 Y1.1839
G01 X11.9211 Y1.2114
G01 X11.9487 Y1.2389
G01 X11.9762 Y1.2389
G01 X12.0037 Y1.2389
G01 X12.0313 Y1.2389
G01 X12.0588 Y1.2665
G01 X12.0863 Y1.2940
G01 X12.1139 Y1.3215
G01 X12.1414 Y1.3215
G01 X12.1689 Y1.3490
G01 X12.1965 Y1.3766
G01 X12.2240 Y1.4041
G01 X12.2515 Y1.4041
G01 X12.2791 Y1.4316
G01 X12.3066 Y1.4592
G01 X12.3341 Y1.4592
G01 X12.3617 Y1.4867
G01 X12.3892 Y1.5142
G01 X12.4167 Y1.5142
G01 X12.4442 Y1.5418
G01 X12.4718 Y1.5418
G01 X12.4993 Y1.5693
G01 X12.5268 Y1.5968
G01 X12.5544 Y1.6244
G01 X12.5819 Y1.6519
G01 X12.6094 Y1.6794
G01 X12.6370 Y1.6794
G01 X12.6645 Y1.7070
G01 X12.6920 Y1.7345
G01 X12.7196 Y1.7345
G01 X12.7471 Y1.7620
G01 X12.7746 Y1.7620
G01 X12.8022 Y1.7895
G01 X12.8297 Y1.8171
G01 X12.8572 Y1.8171
G01 X12.8848 Y1.8446
G01 X12.9123 Y1.8721
G01 X12.9398 Y1.8721
G01 X12.9673 Y1.8997
G01 X12.9949 Y1.9272
G01 X13.0224 Y1.9547
G01 X13.0499 Y1.9547
G01 X13.0775 Y1.9823
G01 X13.1050 Y2.0098
G01 X13.1325 Y2.0098
G01 X13.1601 Y2.0373
G01 X13.1876 Y2.0649
G01 X13.2151 Y2.0649
G01 X13.2427 Y2.0924
G01 X13.2702 Y2.1199
G01 X13.2977 Y2.1199
G01 X13.3253 Y2.1475
G01 X13.3528 Y2.1475
G01 X13.3803 Y2.1750
G01 X13.4079 Y2.2025
G01 X13.4354 Y2.2025
G01 X13.4629 Y2.2301
G01 X13.4904 Y2.2576
G01 X13.5180 Y2.2576
G01 X13.5455 Y2.2851
G01 X13.5730 Y2.2851
G01 X13.6006 Y2.3126
G01 X13.6281 Y2.3126
G01 X13.6556 Y2.3402
G01 X13.6832 Y2.3402
G01 X13.7107 Y2.3677
G01 X13.7382 Y2.3952
G01 X13.7658 Y2.3952
G01 X13.7933 Y2.4228
G01 X13.8208 Y2.4503
G01 X13.8484 Y2.4503
G01 X13.8759 Y2.4778
G01 X13.9034 Y2.4778
G01 X13.9310 Y2.4778
G01 X13.9585 Y2.5054
G01 X13.9860 Y2.5329
G01 X14.0135 Y2.5604
G01 X14.0411 Y2.5880
G01 X14.0411 Y2.6155
G01 X14.0411 Y2.6430
G01 X14.0411 Y2.6706
G01 X14.0411 Y2.6981
G01 X14.0411 Y2.7256
G01 X14.0686 Y2.7532
G01 X14.0686 Y2.7807
G01 X14.0686 Y2.8082
G01 X14.0686 Y2.8357
G01 X14.0686 Y2.8633
G01 X14.0686 Y2.8908
G01 X14.0686 Y2.9183
G01 X14.0686 Y2.9459
G01 X14.0686 Y2.9734
G01 X14.0686 Y3.0009
G01 X14.0686 Y3.0285
G01 X14.0686 Y3.0560
G01 X14.0686 Y3.0835
G01 X14.0686 Y3.1111
G01 X14.0686 Y3.1386
G01 X14.0686 Y3.1661
G01 X14.0686 Y3.1937
G01 X14.0686 Y3.2212
G01 X14.0686 Y3.2487
G01 X14.0686 Y3.2763
G01 X14.0686 Y3.3038
G01 X14.0686 Y3.3313
G01 X14.0686 Y3.3588
G01 X14.0686 Y3.3864
G01 X14.0686 Y3.4139
G01 X14.0686 Y3.4414
G01 X14.0686 Y3.4690
G01 X14.0686 Y3.4965
G01 X14.0961 Y3.5240
G01 X14.0961 Y3.5516
G01 X14.0961 Y3.5791
G01 X14.0961 Y3.6066
G01 X14.0961 Y3.6342
G01 X14.0961 Y3.6617
G01 X14.0961 Y3.6892
G01 X14.0961 Y3.7168
G01 X14.0961 Y3.7443
G01 X14.0961 Y3.7718
G01 X14.0686 Y3.7994
G01 X14.0686 Y3.8269
G01 X14.0686 Y3.8544
G01 X14.0411 Y3.8819
G01 X14.0411 Y3.9095
G01 X14.0411 Y3.9370
G01 X14.0411 Y3.9645
G01 X14.0411 Y3.9921
G01 X14.0411 Y4.0196
G01 X14.0411 Y4.0471
G01 X14.0135 Y4.0747
G01 X14.0135 Y4.1022
G01 X14.0135 Y4.1297
G01 X14.0135 Y4.1573
G01 X14.0135 Y4.1848
G01 X14.0135 Y4.2123
G01 X14.0135 Y4.2399
G01 X14.0135 Y4.2674
G01 X14.0135 Y4.2949
G01 X14.0135 Y4.3224
G01 X14.0135 Y4.3500
G01 X13.9860 Y4.3775
G01 X13.9585 Y4.3775
G01 X13.9310 Y4.3500
G01 X13.9034 Y4.3500
G01 X13.8759 Y4.3500
G01 X13.8484 Y4.3224
G01 X13.8208 Y4.2949
G01 X13.7933 Y4.2674
G01 X13.7658 Y4.2399
G01 X13.7382 Y4.2399
G01 X13.7107 Y4.2123
G01 X13.6832 Y4.2123
G01 X13.6556 Y4.1848
G01 X13.6281 Y4.1573
G01 X13.6006 Y4.1297
G01 X13.5730 Y4.1022
G01 X13.5455 Y4.1022
G01 X13.5180 Y4.0747
G01 X13.4904 Y4.0471
G01 X13.4629 Y4.0196
G01 X13.4354 Y3.9921
G01 X13.4079 Y3.9921
G01 X13.3803 Y3.9645
G01 X13.3528 Y3.9370
G01 X13.3253 Y3.9095
G01 X13.2977 Y3.9095
G01 X13.2702 Y3.8819
G01 X13.2427 Y3.8544
G01 X13.2151 Y3.8544
G01 X13.1876 Y3.8269
G01 X13.1601 Y3.7994
G01 X13.1325 Y3.7718
G01 X13.1050 Y3.7443
G01 X13.0775 Y3.7443
G01 X13.0499 Y3.7168
G01 X13.0224 Y3.6892
G01 X12.9949 Y3.6617
G01 X12.9673 Y3.6342
G01 X12.9398 Y3.6342
G01 X12.9123 Y3.6066
G01 X12.8848 Y3.6066
G01 X12.8572 Y3.5791
G01 X12.8297 Y3.5516
G01 X12.8022 Y3.5516
G01 X12.7746 Y3.5240
G01 X12.7471 Y3.4965
G01 X12.7196 Y3.4965
G01 X12.6920 Y3.4690
G01 X12.6645 Y3.4414
G01 X12.6370 Y3.4414
G01 X12.6094 Y3.4139
G01 X12.5819 Y3.4139
G01 X12.5544 Y3.3864
G01 X12.5268 Y3.3864
G01 X12.4993 Y3.3864
G01 X12.4718 Y3.3588
G01 X12.4442 Y3.3588
G01 X12.4167 Y3.3313
G01 X12.3892 Y3.3038
G01 X12.3617 Y3.3038
G01 X12.3341 Y3.2763
G01 X12.3066 Y3.2763
G01 X12.2791 Y3.2487
G01 X12.2515 Y3.2212
G01 X12.2240 Y3.2212
G01 X12.1965 Y3.1937
G01 X12.1689 Y3.1937
G01 X12.1414 Y3.1661
G01 X12.1139 Y3.1386
G01 X12.0863 Y3.1386
G01 X12.0588 Y3.1111
G01 X12.0313 Y3.0835
G01 X12.0037 Y3.0835
G01 X11.9762 Y3.0560
G01 X11.9487 Y3.0560
G01 X11.9211 Y3.0285
G01 X11.8936 Y3.0009
G01 X11.8661 Y3.0009
G01 X11.8386 Y2.9734
G01 X11.8110 Y2.9459
G01 X11.7835 Y2.9459
G01 X11.7560 Y2.9183
G01 X11.7284 Y2.9183
G01 X11.7009 Y2.8908
G01 X11.6734 Y2.8633
G01 X11.6458 Y2.8633
G01 X11.6183 Y2.8357
G01 X11.5908 Y2.8357
G01 X11.5632 Y2.8082
G01 X11.5357 Y2.8082
G01 X11.5082 Y2.7807
G01 X11.4806 Y2.7532
G01 X11.4531 Y2.7532
G01 X11.4256 Y2.7256
G01 X11.3981 Y2.7256
G01 X11.3705 Y2.6981
G01 X11.3430 Y2.6981
G01 X11.3155 Y2.6706
G01 X11.2879 Y2.6430
G01 X11.2604 Y2.6430
G01 X11.2329 Y2.6155
G01 X11.2053 Y2.6155
G01 X11.1778 Y2.5880
G01 X11.1503 Y2.5880
G01 X11.1227 Y2.5604
G01 X11.0952 Y2.5329
G01 X11.0677 Y2.5329
G01 X11.0401 Y2.5054
G01 X11.0126 Y2.5054
G01 X10.9851 Y2.4778
G01 X10.9575 Y2.4503
G01 X10.9300 Y2.4503
G01 X10.9025 Y2.4228
G01 X10.8750 Y2.4228
G01 X10.8474 Y2.3952
G01 X10.8199 Y2.3677
G01 X10.7924 Y2.3677
G01 X10.7648 Y2.3402
G01 X10.7373 Y2.3402
G01 X10.7098 Y2.3126
G01 X10.6822 Y2.3126
G01 X10.6547 Y2.2851
G01 X10.6272 Y2.2576
G01 X10.5996 Y2.2576
G01 X10.5721 Y2.2301
G01 X10.5446 Y2.2301
G01 X10.5170 Y2.2025
G01 X10.4895 Y2.1750
G01 X10.4620 Y2.1750
G01 X10.4344 Y2.1475
G01 X10.4069 Y2.1199
G01 X10.3794 Y2.1199
G01 X10.3519 Y2.0924
G01 X10.3243 Y2.0924
G01 X10.2968 Y2.0649
G01 X10.2693 Y2.0373
G01 X10.2417 Y2.0373
G01 X10.2142 Y2.0098
G01 X10.1867 Y2.0098
G01 X10.1591 Y2.0098
G01 X10.1316 Y1.9823
G01 X10.1041 Y1.9823
G01 X10.1316 Y1.9823
G01 X10.1591 Y2.0098
G01 X10.1867 Y2.0098
G01 X10.2142 Y2.0098
G01 X10.2417 Y2.0373
G01 X10.2693 Y2.0373
G01 X10.2968 Y2.0649
G01 X10.3243 Y2.0924
G01 X10.3519 Y2.0924
G01 X10.3794 Y2.1199
G01 X10.4069 Y2.1199
G01 X10.4344 Y2.1475
G01 X10.4620 Y2.1750
G01 X10.4895 Y2.1750
G01 X10.5170 Y2.2025
G01 X10.5446 Y2.2301
G01 X10.5721 Y2.2301
G01 X10.5996 Y2.2576
G01 X10.6272 Y2.2576
G01 X10.6547 Y2.2851
G01 X10.6822 Y2.3126
G01 X10.7098 Y2.3126
G01 X10.7373 Y2.3402
G01 X10.7648 Y2.3402
G01 X10.7924 Y2.3677
G01 X10.8199 Y2.3677
G01 X10.8474 Y2.3952
G01 X10.8750 Y2.4228
G01 X10.9025 Y2.4228
G01 X10.9300 Y2.4503
G01 X10.9575 Y2.4503
G01 X10.9851 Y2.4778
G01 X11.0126 Y2.5054
G01 X11.0401 Y2.5054
G01 X11.0677 Y2.5329
G01 X11.0952 Y2.5329
G01 X11.1227 Y2.5604
G01 X11.1503 Y2.5880
G01 X11.1778 Y2.5880
G01 X11.2053 Y2.6155
G01 X11.2329 Y2.6155
G01 X11.2604 Y2.6430
G01 X11.2879 Y2.6430
G01 X11.3155 Y2.6706
G01 X11.3430 Y2.6981
G01 X11.3705 Y2.6981
G01 X11.3981 Y2.7256
G01 X11.4256 Y2.7256
G01 X11.4531 Y2.7532
G01 X11.4806 Y2.7532
G01 X11.5082 Y2.7807
G01 X11.5357 Y2.8082
G01 X11.5632 Y2.8082
G01 X11.5908 Y2.8357
G01 X11.6183 Y2.8357
G01 X11.6458 Y2.8633
G01 X11.6734 Y2.8633
G01 X11.7009 Y2.8908
G01 X11.7284 Y2.9183
G01 X11.7560 Y2.9183
G01 X11.7835 Y2.9459
G01 X11.8110 Y2.9459
G01 X11.8386 Y2.9734
G01 X11.8661 Y3.0009
G01 X11.8936 Y3.0009
G01 X11.9211 Y3.0285
G01 X11.9487 Y3.0560
G01 X11.9762 Y3.0560
G01 X12.0037 Y3.0835
G01 X12.0313 Y3.0835
G01 X12.0588 Y3.1111
G01 X12.0863 Y3.1386
G01 X12.1139 Y3.1386
G01 X12.1414 Y3.1661
G01 X12.1689 Y3.1937
G01 X12.1965 Y3.1937
G01 X12.2240 Y3.2212
G01 X12.2515 Y3.2212
G01 X12.2791 Y3.2487
G01 X12.3066 Y3.2763
G01 X12.3341 Y3.2763
G01 X12.3617 Y3.3038
G01 X12.3892 Y3.3038
G01 X12.4167 Y3.3313
G01 X12.4442 Y3.3588
G01 X12.4718 Y3.3588
G01 X12.4993 Y3.3864
G01 X12.5268 Y3.3864
G01 X12.5544 Y3.3864
G01 X12.5819 Y3.4139
G01 X12.6094 Y3.4139
G01 X12.6370 Y3.4414
G01 X12.6645 Y3.4414
G01 X12.6920 Y3.4690
G01 X12.7196 Y3.4965
G01 X12.7471 Y3.4965
G01 X12.7746 Y3.5240
G01 X12.8022 Y3.5516
G01 X12.8297 Y3.5516
G01 X12.8572 Y3.5791
G01 X12.8848 Y3.6066
G01 X12.9123 Y3.6066
G01 X12.9398 Y3.6342
G01 X12.9673 Y3.6342
G01 X12.9949 Y3.6617
G01 X13.0224 Y3.6892
G01 X13.0499 Y3.7168
G01 X13.0775 Y3.7443
G01 X13.1050 Y3.7443
G01 X13.1325 Y3.7718
G01 X13.1601 Y3.7994
G01 X13.1876 Y3.8269
G01 X13.2151 Y3.8544
G01 X13.2427 Y3.8544
G01 X13.2702 Y3.8819
G01 X13.2977 Y3.9095
G01 X13.3253 Y3.9095
G01 X13.3528 Y3.9370
G01 X13.3803 Y3.9645
G01 X13.4079 Y3.9921
G01 X13.4354 Y3.9921
G01 X13.4629 Y4.0196
G01 X13.4904 Y4.0471
G01 X13.5180 Y4.0747
G01 X13.5455 Y4.1022
G01 X13.5730 Y4.1022
G01 X13.6006 Y4.1297
G01 X13.6281 Y4.1573
G01 X13.6556 Y4.1848
G01 X13.6832 Y4.2123
G01 X13.7107 Y4.2123
G01 X13.7382 Y4.2399
G01 X13.7658 Y4.2399
G01 X13.7933 Y4.2674
G01 X13.8208 Y4.2949
G01 X13.8484 Y4.3224
G01 X13.8759 Y4.3500
G01 X13.9034 Y4.3500
G01 X13.9310 Y4.3500
G01 X13.9585 Y4.3775
G01 X13.9860 Y4.4050
G01 X13.9860 Y4.4326
G01 X13.9860 Y4.4601
G01 X13.9860 Y4.4876
G01 X13.9860 Y4.5152
G01 X13.9585 Y4.5427
G01 X13.9310 Y4.5702
G01 X13.9034 Y4.5978
G01 X13.8759 Y4.6253
G01 X13.8484 Y4.6528
G01 X13.8208 Y4.6804
G01 X13.7933 Y4.7079
G01 X13.7658 Y4.7079
G01 X13.7382 Y4.7354
G01 X13.7107 Y4.7354
G01 X13.6832 Y4.7630
G01 X13.6556 Y4.7630
G01 X13.6281 Y4.7630
G01 X13.6006 Y4.7905
G01 X13.5730 Y4.7905
G01 X13.5455 Y4.8180
G01 X13.5180 Y4.8180
G01 X13.4904 Y4.8455
G01 X13.4629 Y4.8455
G01 X13.4354 Y4.8731
G01 X13.4079 Y4.8731
G01 X13.3803 Y4.9006
G01 X13.3528 Y4.9006
G01 X13.3253 Y4.9281
G01 X13.2977 Y4.9557
G01 X13.2702 Y4.9557
G01 X13.2427 Y4.9832
G01 X13.2151 Y4.9832
G01 X13.1876 Y5.0107
G01 X13.1601 Y5.0383
G01 X13.1325 Y5.0383
G01 X13.1050 Y5.0658
G01 X13.0775 Y5.0658
G01 X13.0499 Y5.0933
G01 X13.0224 Y5.0933
G01 X12.9949 Y5.1209
G01 X12.9673 Y5.1484
G01 X12.9398 Y5.1484
G01 X12.9123 Y5.1759
G01 X12.9398 Y5.1484
G01 X12.9673 Y5.1484
G01 X12.9949 Y5.1209
G01 X13.0224 Y5.0933
G01 X13.0499 Y5.0933
G01 X13.0775 Y5.0658
G01 X13.1050 Y5.0658
G01 X13.1325 Y5.0383
G01 X13.1601 Y5.0383
G01 X13.1876 Y5.0107
G01 X13.2151 Y4.9832
G01 X13.2427 Y4.9832
G01 X13.2702 Y4.9557
G01 X13.2977 Y4.9557
G01 X13.3253 Y4.9281
G01 X13.3528 Y4.9006
G01 X13.3803 Y4.9006
G01 X13.4079 Y4.8731
G01 X13.4354 Y4.8731
G01 X13.4629 Y4.8455
G01 X13.4904 Y4.8455
G01 X13.5180 Y4.8180
G01 X13.5455 Y4.8180
G01 X13.5730 Y4.7905
G01 X13.6006 Y4.7905
G01 X13.6281 Y4.7630
G01 X13.6556 Y4.7630
G01 X13.6832 Y4.7630
G01 X13.7107 Y4.7354
G01 X13.7382 Y4.7354
G01 X13.7658 Y4.7079
G01 X13.7933 Y4.7079
G01 X13.8208 Y4.6804
G01 X13.8484 Y4.6528
G01 X13.8759 Y4.6253
G01 X13.9034 Y4.5978
G01 X13.9310 Y4.5702
G01 X13.9585 Y4.5427
G01 X13.9860 Y4.5152
G01 X13.9860 Y4.4876
G01 X13.9860 Y4.4601
G01 X13.9860 Y4.4326
G01 X13.9860 Y4.4050
G01 X13.9860 Y4.3775
G01 X14.0135 Y4.3500
G01 X14.0135 Y4.3224
G01 X14.0135 Y4.2949
G01 X14.0135 Y4.2674
G01 X14.0135 Y4.2399
G01 X14.0135 Y4.2123
G01 X14.0135 Y4.1848
G01 X14.0135 Y4.1573
G01 X14.0135 Y4.1297
G01 X14.0135 Y4.1022
G01 X14.0135 Y4.0747
G01 X14.0411 Y4.0471
G01 X14.0411 Y4.0196
G01 X14.0411 Y3.9921
G01 X14.0411 Y3.9645
G01 X14.0411 Y3.9370
G01 X14.0411 Y3.9095
G01 X14.0411 Y3.8819
G01 X14.0686 Y3.8544
G01 X14.0686 Y3.8269
G01 X14.0686 Y3.7994
G01 X14.0961 Y3.7718
G01 X14.0961 Y3.7443
G01 X14.0961 Y3.7168
G01 X14.0961 Y3.6892
G01 X14.0961 Y3.6617
G01 X14.0961 Y3.6342
G01 X14.0961 Y3.6066
G01 X14.0961 Y3.5791
G01 X14.0961 Y3.5516
G01 X14.0961 Y3.5240
G01 X14.0686 Y3.4965
G01 X14.0686 Y3.4690
G01 X14.0686 Y3.4414
G01 X14.0686 Y3.4139
G01 X14.0686 Y3.3864
G01 X14.0686 Y3.3588
G01 X14.0686 Y3.3313
G01 X14.0686 Y3.3038
G01 X14.0686 Y3.2763
G01 X14.0686 Y3.2487
G01 X14.0686 Y3.2212
G01 X14.0686 Y3.1937
G01 X14.0686 Y3.1661
G01 X14.0686 Y3.1386
G01 X14.0686 Y3.1111
G01 X14.0961 Y3.0835
G01 X14.1237 Y3.0835
G01 X14.1512 Y3.0835
G01 X14.1787 Y3.1111
G01 X14.2063 Y3.1111
G01 X14.2338 Y3.1386
G01 X14.2613 Y3.1386
G01 X14.2889 Y3.1386
G01 X14.3164 Y3.1386
G01 X14.3439 Y3.1661
G01 X14.3164 Y3.1386
G01 X14.2889 Y3.1386
G01 X14.2613 Y3.1386
G01 X14.2338 Y3.1386
G01 X14.2063 Y3.1111
G01 X14.1787 Y3.1111
G01 X14.1512 Y3.0835
G01 X14.1237 Y3.0835
G01 X14.0961 Y3.0835
G01 X14.0686 Y3.0560
G01 X14.0686 Y3.0285
G01 X14.0686 Y3.0009
G01 X14.0686 Y2.9734
G01 X14.0686 Y2.9459
G01 X14.0686 Y2.9183
G01 X14.0686 Y2.8908
G01 X14.0686 Y2.8633
G01 X14.0686 Y2.8357
G01 X14.0686 Y2.8082
G01 X14.0686 Y2.7807
G01 X14.0961 Y2.7532
G01 X14.1237 Y2.7532
G01 X14.1512 Y2.7532
G01 X14.1787 Y2.7532
G01 X14.2063 Y2.7532
G01 X14.2338 Y2.7532
G01 X14.2613 Y2.7532
G01 X14.2889 Y2.7807
G01 X14.3164 Y2.7807
G01 X14.3439 Y2.7807
G01 X14.3715 Y2.7807
G01 X14.3990 Y2.8082
G01 X14.4265 Y2.8082
G01 X14.4540 Y2.8082
G01 X14.4816 Y2.8357
G01 X14.5091 Y2.8357
G01 X14.5366 Y2.8357
G01 X14.5642 Y2.8357
G01 X14.5917 Y2.8633
G01 X14.6192 Y2.8633
G01 X14.6468 Y2.8633
G01 X14.6743 Y2.8633
G01 X14.7018 Y2.8633
G01 X14.7294 Y2.8633
G01 X14.7569 Y2.8908
G01 X14.7844 Y2.9183
G01 X14.7844 Y2.9459
G01 X14.7844 Y2.9183
G01 X14.7569 Y2.8908
G01 X14.7294 Y2.8633
G01 X14.7018 Y2.8633
G01 X14.6743 Y2.8633
G01 X14.6468 Y2.8633
G01 X14.6192 Y2.8633
G01 X14.5917 Y2.8633
G01 X14.5642 Y2.8357
G01 X14.5366 Y2.8357
G01 X14.5091 Y2.8357
G01 X14.4816 Y2.8357
G01 X14.4540 Y2.8082
G01 X14.4265 Y2.8082
G01 X14.3990 Y2.8082
G01 X14.3715 Y2.7807
G01 X14.3439 Y2.7807
G01 X14.3164 Y2.7807
G01 X14.2889 Y2.7807
G01 X14.2613 Y2.7532
G01 X14.2613 Y2.7256
G01 X14.2613 Y2.6981
G01 X14.2889 Y2.6706
G01 X14.3164 Y2.6706
G01 X14.3439 Y2.6430
G01 X14.3439 Y2.6155
G01 X14.3715 Y2.5880
G01 X14.3990 Y2.6155
G01 X14.4265 Y2.6155
G01 X14.4540 Y2.6430
G01 X14.4816 Y2.6706
G01 X14.4540 Y2.6430
G01 X14.4265 Y2.6155
G01 X14.3990 Y2.6155
G01 X14.3715 Y2.5880
G01 X14.3439 Y2.5880
G01 X14.3164 Y2.5604
G01 X14.2889 Y2.5604
G01 X14.2613 Y2.5604
G01 X14.2338 Y2.5604
G01 X14.2063 Y2.5329
G01 X14.1787 Y2.5329
G01 X14.1512 Y2.5054
G01 X14.1237 Y2.5054
G01 X14.0961 Y2.5054
G01 X14.0686 Y2.5054
G01 X14.0411 Y2.5054
G01 X14.0135 Y2.5329
G01 X13.9860 Y2.5329
G01 X13.9585 Y2.5054
G01 X13.9310 Y2.4778
G01 X13.9034 Y2.4778
G01 X13.8759 Y2.4778
G01 X13.8484 Y2.4503
G01 X13.8208 Y2.4503
G01 X13.7933 Y2.4228
G01 X13.7658 Y2.3952
G01 X13.7382 Y2.3952
G01 X13.7107 Y2.3677
G01 X13.6832 Y2.3402
G01 X13.6556 Y2.3402
G01 X13.6281 Y2.3126
G01 X13.6006 Y2.3126
G01 X13.5730 Y2.2851
G01 X13.5455 Y2.2851
G01 X13.5180 Y2.2576
G01 X13.4904 Y2.2576
G01 X13.4629 Y2.2301
G01 X13.4354 Y2.2025
G01 X13.4079 Y2.2025
G01 X13.3803 Y2.1750
G01 X13.3528 Y2.1475
G01 X13.3253 Y2.1475
G01 X13.2977 Y2.1199
G01 X13.2702 Y2.1199
G01 X13.2427 Y2.0924
G01 X13.2151 Y2.0649
G01 X13.1876 Y2.0649
G01 X13.1601 Y2.0373
G01 X13.1325 Y2.0098
G01 X13.1050 Y2.0098
G01 X13.0775 Y1.9823
G01 X13.0499 Y1.9547
G01 X13.0224 Y1.9547
G01 X12.9949 Y1.9272
G01 X12.9673 Y1.8997
G01 X12.9398 Y1.8721
G01 X12.9123 Y1.8721
G01 X12.8848 Y1.8446
G01 X12.8572 Y1.8171
G01 X12.8297 Y1.8171
G01 X12.8022 Y1.7895
G01 X12.7746 Y1.7620
G01 X12.7471 Y1.7620
G01 X12.7196 Y1.7345
G01 X12.6920 Y1.7345
G01 X12.6645 Y1.7070
G01 X12.6370 Y1.6794
G01 X12.6094 Y1.6794
G01 X12.5819 Y1.6519
G01 X12.5544 Y1.6244
G01 X12.5268 Y1.5968
G01 X12.4993 Y1.5693
G01 X12.4718 Y1.5418
G01 X12.4442 Y1.5418
G01 X12.4167 Y1.5142
G01 X12.3892 Y1.5142
G01 X12.3617 Y1.4867
G01 X12.3341 Y1.4592
G01 X12.3066 Y1.4592
G01 X12.2791 Y1.4316
G01 X12.2515 Y1.4041
G01 X12.2240 Y1.4041
G01 X12.1965 Y1.3766
G01 X12.1689 Y1.3490
G01 X12.1414 Y1.3215
G01 X12.1139 Y1.3215
G01 X12.0863 Y1.2940
G01 X12.0588 Y1.2665
G01 X12.0313 Y1.2389
G01 X12.0037 Y1.2389
G01 X11.9762 Y1.2114
G01 X11.9487 Y1.1839
G01 X11.9211 Y1.1839
G01 X11.8936 Y1.1563
G01 X11.8661 Y1.1288
G01 X11.8386 Y1.1013
G01 X11.8110 Y1.1013
G01 X11.7835 Y1.0737
G01 X11.7560 Y1.0737
G01 X11.7284 Y1.0462
G01 X11.7009 Y1.0187
G01 X11.6734 Y0.9911
G01 X11.6458 Y0.9636
G01 X11.6183 Y0.9361
G01 X11.5908 Y0.9085
G01 X11.5632 Y0.8810
G01 X11.5357 Y0.8810
G01 X11.5082 Y0.8535
G01 X11.4806 Y0.8535
G01 X11.4531 Y0.8259
G01 X11.4256 Y0.8259
G01 X11.3981 Y0.7984
G01 X11.3705 Y0.7984
G01 X11.3430 Y0.7709
G01 X11.3155 Y0.7434
G01 X11.2879 Y0.7158
G01 X11.2604 Y0.7158
G01 X11.2329 Y0.6883
G01 X11.2053 Y0.6608
G01 X11.1778 Y0.6608
G01 X11.1503 Y0.6332
G01 X11.1227 Y0.6057
G01 X11.0952 Y0.6057
G01 X11.0677 Y0.5782
G01 X11.0401 Y0.5506
G01 X11.0126 Y0.5506
G01 X10.9851 Y0.5231
G01 X10.9575 Y0.5231
G01 X10.9300 Y0.4956
G01 X10.9025 Y0.4680
G01 X10.8750 Y0.4405
G01 X10.8474 Y0.4405
G01 X10.8199 Y0.4130
G01 X10.7924 Y0.3854
G01 X10.7648 Y0.3579
G01 X10.7373 Y0.3579
G01 X10.7098 Y0.3304
G01 X10.6822 Y0.3028
G01 X10.6547 Y0.3028
G01 X10.6272 Y0.2753
G01 X10.5996 Y0.2753
G01 X10.5721 Y0.2478
G01 X10.5446 Y0.2478
G01 X10.5170 Y0.2203
G01 X10.4895 Y0.1927
G01 X10.4620 Y0.1927
G01 X10.4344 Y0.1927
G01 X10.4069 Y0.1927
G01 X10.3794 Y0.1652
G01 X10.3519 Y0.1377
G01 X10.3519 Y0.1101
G01 X10.3519 Y0.0826
G01 X10.3519 Y0.1101
G01 X10.3243 Y0.1377
G01 X10.2968 Y0.1377
G01 X10.2693 Y0.1652
G01 X10.2417 Y0.1927
G01 X10.2142 Y0.1927
G01 X10.1867 Y0.2203
G01 X10.1591 Y0.2203
G01 X10.1316 Y0.2478
G01 X10.1041 Y0.2478
G01 X10.0765 Y0.2478
G01 X10.0490 Y0.2753
G01 X10.0215 Y0.2753
G01 X9.9939 Y0.2753
G01 X9.9664 Y0.3028
G01 X9.9389 Y0.3028
G01 X9.9113 Y0.3028
G01 X9.8838 Y0.3304
G01 X9.8563 Y0.3304
G01 X9.8288 Y0.3304
G01 X9.8012 Y0.3579
G01 X9.7737 Y0.3579
G01 X9.7462 Y0.3579
G01 X9.7186 Y0.3579
G01 X9.6911 Y0.3854
G01 X9.6636 Y0.3854
G01 X9.6360 Y0.3854
G01 X9.6085 Y0.4130
G01 X9.5810 Y0.4130
G01 X9.5534 Y0.4405
G01 X9.5259 Y0.4405
G01 X9.4984 Y0.4405
G01 X9.4708 Y0.4680
G01 X9.4433 Y0.4680
G01 X9.4158 Y0.4956
G01 X9.3882 Y0.4956
G01 X9.3607 Y0.5231
G01 X9.3332 Y0.5231
G01 X9.3057 Y0.5506
G01 X9.2781 Y0.5506
G01 X9.2506 Y0.5782
G01 X9.2231 Y0.5782
G01 X9.1955 Y0.6057
G01 X9.1680 Y0.6057
G01 X9.1405 Y0.6332
G01 X9.1129 Y0.6332
G01 X9.0854 Y0.6608
G01 X9.0579 Y0.6883
G01 X9.0303 Y0.6883
G01 X9.0028 Y0.7158
G01 X8.9753 Y0.7158
G01 X8.9477 Y0.7434
G01 X8.9202 Y0.7709
G01 X8.8927 Y0.7984
G01 X8.8652 Y0.8259
G01 X8.8652 Y0.8535
G01 X8.8652 Y0.8810
G01 X8.8376 Y0.9085
G01 X8.8376 Y0.9361
G01 X8.8376 Y0.9636
G01 X8.8376 Y0.9911
G01 X8.8376 Y1.0187
G01 X8.8101 Y1.0462
G01 X8.8101 Y1.0737
G01 X8.8101 Y1.1013
G01 X8.8101 Y1.1288
G01 X8.8101 Y1.1563
G01 X8.8101 Y1.1839
G01 X8.8101 Y1.2114
G01 X8.7826 Y1.2389
G01 X8.7826 Y1.2665
G01 X8.7826 Y1.2940
G01 X8.7826 Y1.3215
G01 X8.7826 Y1.3490
G01 X8.7826 Y1.3766
G01 X8.7826 Y1.4041
G01 X8.7826 Y1.4316
G01 X8.7826 Y1.4592
G01 X8.7826 Y1.4867
G01 X8.7826 Y1.5142
G01 X8.7826 Y1.5418
G01 X8.7826 Y1.5693
G01 X8.7826 Y1.5968
G01 X8.7826 Y1.6244
G01 X8.7826 Y1.6519
G01 X8.7826 Y1.6794
G01 X8.7826 Y1.7070
G01 X8.7826 Y1.7345
G01 X8.7550 Y1.7620
G01 X8.7550 Y1.7895
G01 X8.7550 Y1.8171
G01 X8.7550 Y1.8446
G01 X8.7550 Y1.8721
G01 X8.7550 Y1.8997
G01 X8.7550 Y1.9272
G01 X8.7550 Y1.9547
G01 X8.7550 Y1.9823
G01 X8.7550 Y2.0098
G01 X8.7550 Y2.0373
G01 X8.7550 Y2.0649
G01 X8.7826 Y2.0924
G01 X8.7826 Y2.1199
G01 X8.7826 Y2.1475
G01 X8.7826 Y2.1750
G01 X8.7826 Y2.2025
G01 X8.7826 Y2.2301
G01 X8.7826 Y2.2576
G01 X8.7826 Y2.2851
G01 X8.7826 Y2.3126
G01 X8.7826 Y2.3402
G01 X8.7826 Y2.3677
G01 X8.7826 Y2.3952
G01 X8.7826 Y2.4228
G01 X8.7826 Y2.4503
G01 X8.7826 Y2.4778
G01 X8.7826 Y2.5054
G01 X8.7826 Y2.5329
G01 X8.7826 Y2.5604
G01 X8.7826 Y2.5880
G01 X8.7826 Y2.6155
G01 X8.7826 Y2.6430
G01 X8.7826 Y2.6706
G01 X8.7826 Y2.6981
G01 X8.7826 Y2.7256
G01 X8.7826 Y2.7532
G01 X8.7826 Y2.7807
G01 X8.7826 Y2.8082
G01 X8.7826 Y2.8357
G01 X8.7826 Y2.8633
G01 X8.7826 Y2.8908
G01 X8.8101 Y2.9183
G01 X8.8376 Y2.9459
G01 X8.8652 Y2.9459
G01 X8.8927 Y2.9734
G01 X8.8927 Y3.0009
G01 X8.8927 Y3.0285
G01 X8.9202 Y3.0560
G01 X8.9477 Y3.0835
G01 X8.9753 Y3.0835
G01 X9.0028 Y3.1111
G01 X9.0028 Y3.1386
G01 X9.0303 Y3.1661
G01 X9.0579 Y3.1937
G01 X9.0854 Y3.1937
G01 X9.1129 Y3.2212
G01 X9.1405 Y3.2487
G01 X9.1680 Y3.2487
G01 X9.1955 Y3.2763
G01 X9.2231 Y3.3038
G01 X9.2506 Y3.3038
G01 X9.2781 Y3.3313
G01 X9.3057 Y3.3588
G01 X9.3332 Y3.3864
G01 X9.3607 Y3.4139
G01 X9.3882 Y3.4414
G01 X9.4158 Y3.4414
G01 X9.4433 Y3.4690
G01 X9.4708 Y3.4965
G01 X9.4984 Y3.4965
G01 X9.5259 Y3.5240
G01 X9.5534 Y3.5516
G01 X9.5810 Y3.5516
G01 X9.6085 Y3.5791
G01 X9.6360 Y3.6066
G01 X9.6636 Y3.6066
G01 X9.6911 Y3.6342
G01 X9.7186 Y3.6342
G01 X9.7462 Y3.6617
G01 X9.7737 Y3.6617
G01 X9.8012 Y3.6892
G01 X9.8288 Y3.6892
G01 X9.8563 Y3.7168
G01 X9.8838 Y3.7168
G01 X9.9113 Y3.7443
G01 X9.9389 Y3.7443
G01 X9.9664 Y3.7718
G01 X9.9939 Y3.7994
G01 X10.0215 Y3.7994
G01 X10.0490 Y3.8269
G01 X10.0765 Y3.8269
G01 X10.1041 Y3.8544
G01 X10.1316 Y3.8819
G01 X10.1591 Y3.8819
G01 X10.1867 Y3.9095
G01 X10.2142 Y3.9370
G01 X10.2417 Y3.9370
G01 X10.2693 Y3.9645
G01 X10.2968 Y3.9645
G01 X10.3243 Y3.9921
G01 X10.3519 Y4.0196
G01 X10.3794 Y4.0196
G01 X10.4069 Y4.0471
G01 X10.4344 Y4.0471
G01 X10.4620 Y4.0747
G01 X10.4895 Y4.0747
G01 X10.5170 Y4.1022
G01 X10.5446 Y4.1297
G01 X10.5721 Y4.1297
G01 X10.5996 Y4.1573
G01 X10.6272 Y4.1848
G01 X10.6547 Y4.1848
G01 X10.6822 Y4.2123
G01 X10.7098 Y4.2123
G01 X10.7373 Y4.2123
G01 X10.7648 Y4.2399
G01 X10.7924 Y4.2674
G01 X10.7648 Y4.2949
G01 X10.7648 Y4.3224
G01 X10.7648 Y4.3500
G01 X10.7648 Y4.3775
G01 X10.7648 Y4.4050
G01 X10.7373 Y4.4326
G01 X10.7373 Y4.4601
G01 X10.7373 Y4.4876
G01 X10.7373 Y4.5152
G01 X10.7098 Y4.5427
G01 X10.7098 Y4.5702
G01 X10.7098 Y4.5978
G01 X10.6822 Y4.6253
G01 X10.6822 Y4.6528
G01 X10.6822 Y4.6804
G01 X10.6822 Y4.7079
G01 X10.6547 Y4.7354
G01 X10.6547 Y4.7630
G01 X10.6547 Y4.7905
G01 X10.6272 Y4.8180
G01 X10.6272 Y4.8455
G01 X10.6272 Y4.8731
G01 X10.6272 Y4.9006
G01 X10.5996 Y4.9281
G01 X10.5996 Y4.9557
G01 X10.5721 Y4.9832
G01 X10.5721 Y5.0107
G01 X10.5721 Y5.0383
G01 X10.5721 Y5.0658
G01 X10.5446 Y5.0933
G01 X10.5446 Y5.1209
G01 X10.5446 Y5.1484
G01 X10.5446 Y5.1759
G01 X10.5446 Y5.2035
G01 X10.5446 Y5.2310
G01 X10.5446 Y5.2585
G01 X10.5446 Y5.2861
G01 X10.5446 Y5.3136
G01 X10.5446 Y5.3411
G01 X10.5446 Y5.3686
G01 X10.5446 Y5.3962
G01 X10.5446 Y5.4237
G01 X10.5446 Y5.4512
G01 X10.5446 Y5.4788
G01 X10.5721 Y5.5063
G01 X10.5721 Y5.5338
G01 X10.5721 Y5.5614
G01 X10.5996 Y5.5889
G01 X10.6272 Y5.6164
G01 X10.6547 Y5.6164
G01 X10.6822 Y5.5889
G01 X10.7098 Y5.5889
G01 X10.7373 Y5.5889
G01 X10.7648 Y5.5889
G01 X10.7924 Y5.5889
G01 X10.8199 Y5.5889
G01 X10.8474 Y5.5889
G01 X10.8750 Y5.5889
G01 X10.9025 Y5.5889
G01 X10.9300 Y5.5889
G01 X10.9575 Y5.5889
G01 X10.9851 Y5.5889
G01 X11.0126 Y5.5889
G01 X11.0401 Y5.5889
G01 X11.0677 Y5.6164
G01 X11.0952 Y5.6164
G01 X11.1227 Y5.6164
G01 X11.1503 Y5.6164
G01 X11.1778 Y5.6440
G01 X11.2053 Y5.6440
G01 X11.2329 Y5.6440
G01 X11.2604 Y5.6715
G01 X11.2879 Y5.6715
G01 X11.3155 Y5.6715
G01 X11.3430 Y5.6990
G01 X11.3705 Y5.6990
G01 X11.3981 Y5.6990
G01 X11.4256 Y5.7266
G01 X11.4531 Y5.7266
G01 X11.4806 Y5.7266
G01 X11.5082 Y5.7541
G01 X11.5357 Y5.7541
G01 X11.5632 Y5.7816
G01 X11.5908 Y5.7816
G01 X11.6183 Y5.7816
G01 X11.6458 Y5.8092
G01 X11.6734 Y5.8092
G01 X11.7009 Y5.8092
G01 X11.7284 Y5.8367
G01 X11.7560 Y5.8367
G01 X11.7835 Y5.8367
G01 X11.8110 Y5.8642
G01 X11.8386 Y5.8642
G01 X11.8661 Y5.8642
G01 X11.8936 Y5.8642
G01 X11.9211 Y5.8917
G01 X11.9487 Y5.8917
G01 X11.9762 Y5.8917
G01 X12.0037 Y5.9193
G01 X12.0313 Y5.9193
G01 X12.0588 Y5.9193
G01 X12.0863 Y5.9193
G01 X12.1139 Y5.9193
G01 X12.1414 Y5.9468
G01 X12.1689 Y5.9468
G01 X12.1965 Y5.9468
G01 X12.2240 Y5.9468
G01 X12.2515 Y5.9743
G01 X12.2791 Y5.9743
G01 X12.3066 Y6.0019
G01 X12.3341 Y6.0019
G01 X12.3617 Y6.0019
G01 X12.3892 Y6.0294
G01 X12.4167 Y6.0294
G01 X12.4442 Y6.0569
G01 X12.4718 Y6.0569
G01 X12.4993 Y6.0845
G01 X12.5268 Y6.0845
G01 X12.5544 Y6.1120
G01 X12.5819 Y6.1120
G01 X12.6094 Y6.1120
G01 X12.6370 Y6.1395
M3 S30 ; PEN UP
G00 X7.8190 Y8.1769
M3 S50 ; PEN DOWN
G01 X7.7914 Y8.1493
G01 X7.7639 Y8.1218
G01 X7.7914 Y8.1493
M3 S30 ; PEN UP
G00 X7.7088 Y8.2044
M3 S50 ; PEN DOWN
G01 X7.6813 Y8.1769
M3 S30 ; PEN UP
G00 X7.7639 Y8.3971
M3 S50 ; PEN DOWN
G01 X7.7639 Y8.3696
G01 X7.7639 Y8.3421
G01 X7.7639 Y8.3145
G01 X7.7639 Y8.3421
G01 X7.7639 Y8.3696
G01 X7.7639 Y8.3971
G01 X7.7639 Y8.4246
M3 S30 ; PEN UP
G00 X8.3145 Y9.2231
M3 S50 ; PEN DOWN
G01 X8.2870 Y9.1955
G01 X8.2870 Y9.1680
G01 X8.2870 Y9.1405
G01 X8.2870 Y9.1129
G01 X8.2595 Y9.0854
G01 X8.2319 Y9.0854
G01 X8.2044 Y9.0579
G01 X8.1769 Y9.0303
G01 X8.1769 Y9.0028
G01 X8.1769 Y8.9753
G01 X8.1769 Y8.9477
G01 X8.1493 Y8.9202
G01 X8.1493 Y8.8927
G01 X8.1493 Y8.9202
G01 X8.1769 Y8.9477
G01 X8.1769 Y8.9753
G01 X8.1769 Y9.0028
G01 X8.1769 Y9.0303
G01 X8.1493 Y9.0579
G01 X8.1218 Y9.0579
G01 X8.0943 Y9.0579
G01 X8.0667 Y9.0579
G01 X8.0392 Y9.0579
G01 X8.0117 Y9.0303
G01 X7.9841 Y9.0028
G01 X7.9566 Y8.9753
G01 X7.9291 Y8.9477
G01 X7.9015 Y8.9202
G01 X7.9015 Y8.8927
G01 X7.8740 Y8.8652
G01 X7.8465 Y8.8376
G01 X7.8190 Y8.8101
G01 X7.7914 Y8.7826
G01 X7.7639 Y8.7550
G01 X7.7639 Y8.7275
G01 X7.7639 Y8.7000
G01 X7.7639 Y8.6724
G01 X7.7364 Y8.6449
G01 X7.7088 Y8.6174
G01 X7.6813 Y8.5898
G01 X7.6538 Y8.5623
G01 X7.6538 Y8.5348
G01 X7.6262 Y8.5072
G01 X7.5987 Y8.4797
G01 X7.5712 Y8.4522
G01 X7.5436 Y8.4246
G01 X7.5161 Y8.3971
G01 X7.4886 Y8.3971
G01 X7.4610 Y8.3696
G01 X7.4335 Y8.3421
G01 X7.4060 Y8.3145
G01 X7.3784 Y8.2870
G01 X7.3509 Y8.2595
G01 X7.3234 Y8.2319
G01 X7.2959 Y8.2044
G01 X7.2959 Y8.1769
G01 X7.2683 Y8.1493
G01 X7.2408 Y8.1218
G01 X7.2133 Y8.1218
G01 X7.1857 Y8.0943
G01 X7.2133 Y8.1218
G01 X7.2408 Y8.1218
G01 X7.2683 Y8.1493
G01 X7.2959 Y8.1769
G01 X7.2959 Y8.2044
G01 X7.3234 Y8.2319
G01 X7.3509 Y8.2595
G01 X7.3784 Y8.2870
G01 X7.4060 Y8.3145
G01 X7.4335 Y8.3421
G01 X7.4610 Y8.3696
G01 X7.4886 Y8.3971
G01 X7.5161 Y8.3971
G01 X7.5436 Y8.4246
G01 X7.5712 Y8.4522
G01 X7.5987 Y8.4797
G01 X7.6262 Y8.5072
G01 X7.6538 Y8.5348
G01 X7.6538 Y8.5623
G01 X7.6813 Y8.5898
G01 X7.7088 Y8.6174
G01 X7.7364 Y8.6449
G01 X7.7639 Y8.6724
G01 X7.7639 Y8.7000
G01 X7.7639 Y8.7275
G01 X7.7639 Y8.7550
G01 X7.7639 Y8.7826
G01 X7.7639 Y8.8101
G01 X7.7639 Y8.8376
G01 X7.7639 Y8.8652
G01 X7.7639 Y8.8927
G01 X7.7639 Y8.9202
G01 X7.7639 Y8.9477
G01 X7.7639 Y8.9753
G01 X7.7639 Y9.0028
G01 X7.7639 Y9.0303
G01 X7.7639 Y9.0579
G01 X7.7639 Y9.0854
G01 X7.7639 Y9.1129
G01 X7.7914 Y9.1405
G01 X7.7639 Y9.1129
G01 X7.7639 Y9.0854
G01 X7.7639 Y9.0579
G01 X7.7639 Y9.0303
G01 X7.7639 Y9.0028
G01 X7.7639 Y8.9753
G01 X7.7639 Y8.9477
G01 X7.7639 Y8.9202
G01 X7.7639 Y8.8927
G01 X7.7639 Y8.8652
G01 X7.7914 Y8.8376
G01 X7.8190 Y8.8376
G01 X7.8465 Y8.8376
G01 X7.8740 Y8.8652
G01 X7.9015 Y8.8927
G01 X7.9015 Y8.9202
G01 X7.9291 Y8.9477
G01 X7.9566 Y8.9753
G01 X7.9841 Y9.0028
G01 X8.0117 Y9.0303
G01 X8.0392 Y9.0579
G01 X8.0667 Y9.0579
G01 X8.0943 Y9.0579
G01 X8.1218 Y9.0579
G01 X8.1493 Y9.0579
G01 X8.1769 Y9.0579
G01 X8.2044 Y9.0579
G01 X8.2319 Y9.0854
G01 X8.2595 Y9.0854
G01 X8.2870 Y9.1129
G01 X8.2870 Y9.1405
G01 X8.2870 Y9.1680
G01 X8.2870 Y9.1955
G01 X8.3145 Y9.2231
G01 X8.3145 Y9.2506
M3 S30 ; PEN UP
G00 X8.3971 Y9.5810
M3 S50 ; PEN DOWN
G01 X8.3971 Y9.5534
G01 X8.3971 Y9.5259
G01 X8.3696 Y9.4984
G01 X8.3696 Y9.4708
G01 X8.3696 Y9.4433
G01 X8.3696 Y9.4158
G01 X8.3696 Y9.4433
G01 X8.3696 Y9.4708
G01 X8.3696 Y9.4984
G01 X8.3971 Y9.5259
G01 X8.3971 Y9.5534
G01 X8.3971 Y9.5810
G01 X8.3971 Y9.6085
M3 S30 ; PEN UP
G00 X8.1218 Y9.8012
M3 S50 ; PEN DOWN
G01 X8.1493 Y9.8012
G01 X8.1769 Y9.8012
G01 X8.2044 Y9.8012
G01 X8.2319 Y9.8012
G01 X8.2595 Y9.8012
G01 X8.2870 Y9.8012
G01 X8.3145 Y9.8012
G01 X8.3421 Y9.7737
G01 X8.3696 Y9.7462
G01 X8.3696 Y9.7186
G01 X8.3696 Y9.7462
G01 X8.3421 Y9.7737
G01 X8.3145 Y9.8012
G01 X8.2870 Y9.8012
G01 X8.2595 Y9.8012
G01 X8.2319 Y9.8012
G01 X8.2044 Y9.8012
G01 X8.1769 Y9.8012
G01 X8.1493 Y9.8012
G01 X8.1218 Y9.8012
G01 X8.0943 Y9.8012
M3 S30 ; PEN UP
G00 X7.6813 Y10.7373
M3 S50 ; PEN DOWN
G01 X7.6538 Y10.7098
G01 X7.6262 Y10.6822
G01 X7.5987 Y10.6547
G01 X7.5712 Y10.6272
G01 X7.5436 Y10.5996
G01 X7.5161 Y10.5721
G01 X7.4886 Y10.5446
G01 X7.4610 Y10.5170
G01 X7.4335 Y10.4895
G01 X7.4060 Y10.4620
G01 X7.3784 Y10.4344
G01 X7.3784 Y10.4069
G01 X7.3509 Y10.3794
G01 X7.3234 Y10.3519
G01 X7.3234 Y10.3243
G01 X7.3234 Y10.2968
G01 X7.2959 Y10.2693
G01 X7.3234 Y10.2417
G01 X7.3509 Y10.2417
G01 X7.3784 Y10.2417
G01 X7.4060 Y10.2693
G01 X7.4335 Y10.2693
G01 X7.4610 Y10.2693
G01 X7.4886 Y10.2968
G01 X7.5161 Y10.2968
G01 X7.5436 Y10.3243
G01 X7.5712 Y10.3519
G01 X7.5987 Y10.3794
G01 X7.6262 Y10.3794
G01 X7.6538 Y10.4069
G01 X7.6813 Y10.4344
G01 X7.7088 Y10.4620
G01 X7.7364 Y10.4895
G01 X7.7639 Y10.5170
G01 X7.7914 Y10.5446
G01 X7.8190 Y10.5721
G01 X7.8465 Y10.5996
G01 X7.8740 Y10.6272
G01 X7.9015 Y10.6547
G01 X7.9291 Y10.6822
G01 X7.9291 Y10.7098
G01 X7.9291 Y10.6822
G01 X7.9015 Y10.6547
G01 X7.8740 Y10.6272
G01 X7.8465 Y10.5996
G01 X7.8190 Y10.5721
G01 X7.7914 Y10.5446
G01 X7.7639 Y10.5170
G01 X7.7364 Y10.4895
G01 X7.7088 Y10.4620
G01 X7.6813 Y10.4344
G01 X7.6538 Y10.4069
G01 X7.6262 Y10.3794
G01 X7.5987 Y10.3794
G01 X7.5712 Y10.3519
G01 X7.5436 Y10.3243
G01 X7.5161 Y10.2968
G01 X7.4886 Y10.2968
G01 X7.4610 Y10.2693
G01 X7.4335 Y10.2693
G01 X7.4060 Y10.2693
G01 X7.3784 Y10.2417
G01 X7.3509 Y10.2417
G01 X7.3234 Y10.2417
G01 X7.2959 Y10.2693
G01 X7.3234 Y10.2968
G01 X7.3234 Y10.3243
G01 X7.3234 Y10.3519
G01 X7.3509 Y10.3794
G01 X7.3784 Y10.4069
G01 X7.3784 Y10.4344
G01 X7.4060 Y10.4620
G01 X7.4335 Y10.4895
G01 X7.4610 Y10.5170
G01 X7.4886 Y10.5446
G01 X7.5161 Y10.5721
G01 X7.5436 Y10.5996
G01 X7.5712 Y10.6272
G01 X7.5987 Y10.6547
G01 X7.6262 Y10.6822
G01 X7.6538 Y10.7098
G01 X7.6813 Y10.7373
G01 X7.7088 Y10.7648
M3 S30 ; PEN UP
G00 X7.6262 Y10.9300
M3 S50 ; PEN DOWN
G01 X7.6538 Y10.9300
G01 X7.6813 Y10.9300
G01 X7.7088 Y10.9300
G01 X7.7364 Y10.9025
G01 X7.7639 Y10.8750
G01 X7.7364 Y10.9025
G01 X7.7088 Y10.9300
G01 X7.6813 Y10.9300
G01 X7.6538 Y10.9300
G01 X7.6262 Y10.9300
G01 X7.5987 Y10.9300
G01 X7.5712 Y10.9025
G01 X7.5436 Y10.9025
G01 X7.5161 Y10.9025
G01 X7.4886 Y10.9025
G01 X7.4610 Y10.9025
G01 X7.4335 Y10.9025
G01 X7.4060 Y10.9025
G01 X7.3784 Y10.9025
G01 X7.4060 Y10.9025
G01 X7.4335 Y10.9025
G01 X7.4610 Y10.9025
G01 X7.4886 Y10.9025
G01 X7.5161 Y10.9025
G01 X7.5436 Y10.9025
G01 X7.5712 Y10.9025
G01 X7.5987 Y10.9300
M3 S30 ; PEN UP
G00 X7.2408 Y11.4531
M3 S50 ; PEN DOWN
G01 X7.2408 Y11.4256
G01 X7.2408 Y11.3981
G01 X7.2408 Y11.3705
G01 X7.2408 Y11.3430
G01 X7.2408 Y11.3155
G01 X7.2408 Y11.2879
G01 X7.2683 Y11.2604
G01 X7.2959 Y11.2604
G01 X7.3234 Y11.2604
G01 X7.3509 Y11.2604
G01 X7.3784 Y11.2604
G01 X7.4060 Y11.2604
G01 X7.4335 Y11.2604
G01 X7.4610 Y11.2879
G01 X7.4886 Y11.2879
G01 X7.5161 Y11.2879
G01 X7.5436 Y11.2879
G01 X7.5712 Y11.2879
G01 X7.5987 Y11.2879
G01 X7.6262 Y11.3155
G01 X7.6538 Y11.3155
G01 X7.6813 Y11.3155
G01 X7.7088 Y11.3155
G01 X7.7364 Y11.3155
G01 X7.7088 Y11.3155
G01 X7.6813 Y11.3155
G01 X7.6538 Y11.3155
G01 X7.6262 Y11.3155
G01 X7.5987 Y11.2879
G01 X7.5712 Y11.2879
G01 X7.5436 Y11.2879
G01 X7.5161 Y11.2879
G01 X7.4886 Y11.2879
G01 X7.4610 Y11.2879
G01 X7.4335 Y11.2604
G01 X7.4060 Y11.2604
G01 X7.3784 Y11.2604
G01 X7.3509 Y11.2604
G01 X7.3234 Y11.2604
G01 X7.2959 Y11.2604
G01 X7.2683 Y11.2604
G01 X7.2408 Y11.2879
G01 X7.2408 Y11.3155
G01 X7.2408 Y11.3430
G01 X7.2408 Y11.3705
G01 X7.2408 Y11.3981
G01 X7.2408 Y11.4256
G01 X7.2408 Y11.4531
G01 X7.2683 Y11.4806
M3 S30 ; PEN UP
G00 X8.5072 Y11.4806
M3 S50 ; PEN DOWN
G01 X8.5348 Y11.4806
M3 S30 ; PEN UP
G00 X8.8376 Y11.5082
M3 S50 ; PEN DOWN
G01 X8.8652 Y11.4806
G01 X8.8652 Y11.4531
G01 X8.8652 Y11.4256
G01 X8.8652 Y11.3981
G01 X8.8652 Y11.4256
G01 X8.8652 Y11.4531
G01 X8.8652 Y11.4806
M3 S30 ; PEN UP
G00 X9.4984 Y10.7648
M3 S50 ; PEN DOWN
G01 X9.4708 Y10.7373
G01 X9.4708 Y10.7098
G01 X9.4433 Y10.6822
G01 X9.4433 Y10.6547
G01 X9.4433 Y10.6272
G01 X9.4158 Y10.5996
G01 X9.4158 Y10.5721
G01 X9.3882 Y10.5446
G01 X9.3882 Y10.5170
G01 X9.3882 Y10.4895
G01 X9.3607 Y10.4620
G01 X9.3607 Y10.4344
G01 X9.3332 Y10.4069
G01 X9.3332 Y10.3794
G01 X9.3057 Y10.3519
G01 X9.3057 Y10.3243
G01 X9.2781 Y10.2968
G01 X9.2506 Y10.2693
G01 X9.2506 Y10.2417
G01 X9.2231 Y10.2142
G01 X9.1955 Y10.1867
G01 X9.1955 Y10.1591
G01 X9.1955 Y10.1316
G01 X9.1680 Y10.1041
G01 X9.1680 Y10.0765
G01 X9.1405 Y10.0490
G01 X9.1405 Y10.0215
G01 X9.1129 Y9.9939
G01 X9.1129 Y9.9664
G01 X9.1129 Y9.9389
G01 X9.0854 Y9.9113
G01 X9.1129 Y9.9389
G01 X9.1129 Y9.9664
G01 X9.1129 Y9.9939
G01 X9.1405 Y10.0215
G01 X9.1405 Y10.0490
G01 X9.1680 Y10.0765
G01 X9.1680 Y10.1041
G01 X9.1955 Y10.1316
G01 X9.1955 Y10.1591
G01 X9.1955 Y10.1867
G01 X9.2231 Y10.2142
G01 X9.2506 Y10.2417
G01 X9.2506 Y10.2693
G01 X9.2781 Y10.2968
G01 X9.3057 Y10.3243
G01 X9.3057 Y10.3519
G01 X9.3332 Y10.3794
G01 X9.3332 Y10.4069
G01 X9.3607 Y10.4344
G01 X9.3607 Y10.4620
G01 X9.3882 Y10.4895
G01 X9.3882 Y10.5170
G01 X9.3882 Y10.5446
G01 X9.4158 Y10.5721
G01 X9.4158 Y10.5996
G01 X9.4433 Y10.6272
G01 X9.4433 Y10.6547
G01 X9.4433 Y10.6822
G01 X9.4708 Y10.7098
G01 X9.4708 Y10.7373
M3 S30 ; PEN UP
G00 X6.8003 Y12.6370
M3 S50 ; PEN DOWN
G01 X6.7728 Y12.6094
G01 X6.7728 Y12.5819
G01 X6.7452 Y12.5544
G01 X6.7177 Y12.5268
G01 X6.7177 Y12.4993
G01 X6.6902 Y12.4718
G01 X6.6902 Y12.4442
G01 X6.6902 Y12.4167
G01 X6.6626 Y12.3892
G01 X6.6626 Y12.3617
G01 X6.6351 Y12.3341
G01 X6.6351 Y12.3066
G01 X6.6351 Y12.2791
G01 X6.6076 Y12.2515
G01 X6.5800 Y12.2240
G01 X6.5800 Y12.1965
G01 X6.5800 Y12.1689
G01 X6.5525 Y12.1414
G01 X6.5250 Y12.1139
G01 X6.4974 Y12.1139
G01 X6.4699 Y12.1414
G01 X6.4699 Y12.1689
G01 X6.4699 Y12.1965
G01 X6.4699 Y12.2240
G01 X6.4699 Y12.2515
G01 X6.4699 Y12.2791
G01 X6.4699 Y12.3066
G01 X6.4699 Y12.2791
G01 X6.4699 Y12.2515
G01 X6.4699 Y12.2240
G01 X6.4699 Y12.1965
G01 X6.4699 Y12.1689
G01 X6.4699 Y12.1414
G01 X6.4974 Y12.1139
G01 X6.5250 Y12.1139
G01 X6.5525 Y12.1414
G01 X6.5800 Y12.1689
G01 X6.5800 Y12.1965
G01 X6.5800 Y12.2240
G01 X6.6076 Y12.2515
G01 X6.6351 Y12.2791
G01 X6.6351 Y12.3066
G01 X6.6351 Y12.3341
G01 X6.6626 Y12.3617
G01 X6.6626 Y12.3892
G01 X6.6902 Y12.4167
G01 X6.6902 Y12.4442
G01 X6.6902 Y12.4718
G01 X6.7177 Y12.4993
G01 X6.7177 Y12.5268
G01 X6.7452 Y12.5544
G01 X6.7728 Y12.5819
G01 X6.7728 Y12.6094
G01 X6.8003 Y12.6370
G01 X6.8003 Y12.6645
M3 S30 ; PEN UP
G00 X5.6164 Y12.6920
M3 S50 ; PEN DOWN
G01 X5.6440 Y12.6645
G01 X5.6440 Y12.6370
G01 X5.6440 Y12.6094
G01 X5.6440 Y12.5819
G01 X5.6440 Y12.5544
G01 X5.6440 Y12.5268
G01 X5.6715 Y12.4993
G01 X5.6715 Y12.4718
G01 X5.6990 Y12.4442
G01 X5.6990 Y12.4167
G01 X5.6990 Y12.3892
G01 X5.6990 Y12.3617
G01 X5.7266 Y12.3341
G01 X5.7541 Y12.3341
G01 X5.7816 Y12.3341
G01 X5.7541 Y12.3341
G01 X5.7266 Y12.3341
G01 X5.6990 Y12.3617
G01 X5.6990 Y12.3892
G01 X5.6990 Y12.4167
G01 X5.6990 Y12.4442
G01 X5.6715 Y12.4718
G01 X5.6715 Y12.4993
G01 X5.6440 Y12.5268
G01 X5.6440 Y12.5544
G01 X5.6440 Y12.5819
G01 X5.6440 Y12.6094
G01 X5.6440 Y12.6370
G01 X5.6440 Y12.6645
G01 X5.6164 Y12.6920
G01 X5.6164 Y12.7196
M3 S30 ; PEN UP
G00 X5.2861 Y12.5819
M3 S50 ; PEN DOWN
G01 X5.2585 Y12.5819
M3 S30 ; PEN UP
G00 X5.2585 Y12.3892
M3 S50 ; PEN DOWN
G01 X5.2861 Y12.3892
M3 S30 ; PEN UP
G00 X5.2585 Y12.2791
M3 S50 ; PEN DOWN
G01 X5.2585 Y12.2515
G01 X5.2585 Y12.2240
G01 X5.2585 Y12.1965
G01 X5.2585 Y12.1689
G01 X5.2585 Y12.1414
G01 X5.2585 Y12.1139
G01 X5.2585 Y12.0863
G01 X5.2585 Y12.0588
G01 X5.2585 Y12.0313
G01 X5.2585 Y12.0037
G01 X5.2585 Y11.9762
G01 X5.2585 Y12.0037
G01 X5.2585 Y12.0313
G01 X5.2585 Y12.0588
G01 X5.2585 Y12.0863
G01 X5.2585 Y12.1139
G01 X5.2585 Y12.1414
G01 X5.2585 Y12.1689
G01 X5.2585 Y12.1965
G01 X5.2585 Y12.2240
G01 X5.2585 Y12.2515
M3 S30 ; PEN UP
G00 X4.5427 Y12.2240
M3 S50 ; PEN DOWN
G01 X4.5427 Y12.1965
G01 X4.5427 Y12.1689
G01 X4.5152 Y12.1414
G01 X4.4876 Y12.1139
G01 X4.4601 Y12.0863
G01 X4.4601 Y12.0588
G01 X4.4326 Y12.0313
G01 X4.4050 Y12.0037
G01 X4.3775 Y11.9762
G01 X4.3500 Y11.9487
G01 X4.3224 Y11.9211
G01 X4.3224 Y11.8936
G01 X4.2949 Y11.8661
G01 X4.2674 Y11.8386
G01 X4.2399 Y11.8110
G01 X4.2123 Y11.7835
G01 X4.1848 Y11.7560
G01 X4.1573 Y11.7284
G01 X4.1297 Y11.7284
G01 X4.1022 Y11.7009
G01 X4.0747 Y11.6734
G01 X4.0471 Y11.6458
G01 X4.0196 Y11.6458
G01 X3.9921 Y11.6183
G01 X3.9645 Y11.5908
G01 X3.9370 Y11.5632
G01 X3.9095 Y11.5357
G01 X3.8819 Y11.5082
G01 X3.8544 Y11.4806
G01 X3.8269 Y11.4531
G01 X3.7994 Y11.4256
G01 X3.7718 Y11.3981
G01 X3.7443 Y11.3705
G01 X3.7168 Y11.3430
G01 X3.6892 Y11.3430
G01 X3.6617 Y11.3155
G01 X3.6342 Y11.2879
G01 X3.6066 Y11.2604
G01 X3.5791 Y11.2604
G01 X3.5516 Y11.2329
G01 X3.5240 Y11.2053
G01 X3.4965 Y11.2053
G01 X3.4690 Y11.1778
G01 X3.4414 Y11.1503
G01 X3.4139 Y11.1503
G01 X3.3864 Y11.1227
G01 X3.3588 Y11.0952
G01 X3.3313 Y11.0677
G01 X3.3038 Y11.0401
G01 X3.2763 Y11.0126
G01 X3.2487 Y11.0126
G01 X3.2212 Y10.9851
G01 X3.1937 Y10.9575
G01 X3.1661 Y10.9300
G01 X3.1386 Y10.9025
G01 X3.1111 Y10.8750
G01 X3.0835 Y10.8474
G01 X3.0560 Y10.8199
G01 X3.0285 Y10.7924
G01 X3.0009 Y10.7648
G01 X2.9734 Y10.7373
G01 X2.9459 Y10.7098
G01 X2.9183 Y10.6822
G01 X2.8908 Y10.6547
G01 X2.8633 Y10.6272
G01 X2.8357 Y10.5996
G01 X2.8082 Y10.5721
G01 X2.7807 Y10.5446
G01 X2.7532 Y10.5170
G01 X2.7256 Y10.4895
G01 X2.6981 Y10.4620
G01 X2.6706 Y10.4620
G01 X2.6430 Y10.4344
G01 X2.6155 Y10.4069
G01 X2.5880 Y10.3794
G01 X2.5604 Y10.3519
G01 X2.5329 Y10.3519
G01 X2.5054 Y10.3243
G01 X2.4778 Y10.2968
G01 X2.4503 Y10.2693
G01 X2.4228 Y10.2417
G01 X2.3952 Y10.2417
G01 X2.3677 Y10.2142
G01 X2.3402 Y10.1867
G01 X2.3126 Y10.1591
G01 X2.2851 Y10.1316
G01 X2.2576 Y10.1316
G01 X2.2301 Y10.1041
G01 X2.2025 Y10.0765
G01 X2.1750 Y10.0490
G01 X2.1475 Y10.0215
G01 X2.1199 Y9.9939
G01 X2.0924 Y9.9664
G01 X2.0649 Y9.9389
G01 X2.0373 Y9.9113
G01 X2.0098 Y9.8838
G01 X1.9823 Y9.8563
G01 X1.9547 Y9.8288
G01 X1.9272 Y9.8012
G01 X1.8997 Y9.7737
G01 X1.8721 Y9.7462
G01 X1.8446 Y9.7186
G01 X1.8171 Y9.7186
G01 X1.7895 Y9.6911
G01 X1.7620 Y9.6636
G01 X1.7345 Y9.6360
G01 X1.7070 Y9.6085
G01 X1.6794 Y9.5810
G01 X1.6519 Y9.5534
G01 X1.6244 Y9.5259
G01 X1.5968 Y9.4984
G01 X1.5693 Y9.4708
G01 X1.5418 Y9.4433
G01 X1.5142 Y9.4158
G01 X1.4867 Y9.3882
G01 X1.4592 Y9.3607
G01 X1.4316 Y9.3332
G01 X1.4041 Y9.3057
G01 X1.4041 Y9.2781
G01 X1.3766 Y9.2506
G01 X1.3490 Y9.2231
G01 X1.3490 Y9.1955
G01 X1.3490 Y9.1680
G01 X1.3490 Y9.1405
G01 X1.3215 Y9.1129
G01 X1.3215 Y9.0854
G01 X1.2940 Y9.0579
G01 X1.2940 Y9.0303
G01 X1.2665 Y9.0028
G01 X1.2389 Y8.9753
G01 X1.2389 Y8.9477
G01 X1.2114 Y8.9202
G01 X1.2114 Y8.8927
G01 X1.1839 Y8.8652
G01 X1.1839 Y8.8376
G01 X1.1563 Y8.8101
G01 X1.1563 Y8.7826
G01 X1.1563 Y8.7550
G01 X1.1288 Y8.7275
G01 X1.1288 Y8.7000
G01 X1.1288 Y8.6724
G01 X1.1288 Y8.6449
G01 X1.1013 Y8.6174
G01 X1.0737 Y8.5898
G01 X1.0462 Y8.5898
G01 X1.0187 Y8.5898
G01 X1.0462 Y8.5898
G01 X1.0737 Y8.5898
G01 X1.1013 Y8.6174
G01 X1.1288 Y8.6174
G01 X1.1563 Y8.6174
G01 X1.1839 Y8.5898
G01 X1.2114 Y8.5623
G01 X1.2114 Y8.5348
G01 X1.2114 Y8.5623
G01 X1.1839 Y8.5898
G01 X1.1563 Y8.6174
G01 X1.1288 Y8.6449
G01 X1.1288 Y8.6724
G01 X1.1288 Y8.7000
G01 X1.1288 Y8.7275
G01 X1.1563 Y8.7550
G01 X1.1563 Y8.7826
G01 X1.1563 Y8.8101
G01 X1.1839 Y8.8376
G01 X1.1839 Y8.8652
G01 X1.2114 Y8.8927
G01 X1.2114 Y8.9202
G01 X1.2389 Y8.9477
G01 X1.2389 Y8.9753
G01 X1.2665 Y9.0028
G01 X1.2940 Y9.0303
G01 X1.2940 Y9.0579
G01 X1.3215 Y9.0854
G01 X1.3215 Y9.1129
G01 X1.3490 Y9.1405
G01 X1.3490 Y9.1680
G01 X1.3490 Y9.1955
G01 X1.3490 Y9.2231
G01 X1.3766 Y9.2506
G01 X1.4041 Y9.2781
G01 X1.4041 Y9.3057
G01 X1.4316 Y9.3332
G01 X1.4592 Y9.3607
G01 X1.4867 Y9.3882
G01 X1.5142 Y9.4158
G01 X1.5418 Y9.4433
G01 X1.5693 Y9.4708
G01 X1.5968 Y9.4984
G01 X1.6244 Y9.5259
G01 X1.6519 Y9.5534
G01 X1.6794 Y9.5810
G01 X1.7070 Y9.6085
G01 X1.7345 Y9.6360
G01 X1.7620 Y9.6636
G01 X1.7895 Y9.6911
G01 X1.8171 Y9.7186
G01 X1.8446 Y9.7186
G01 X1.8721 Y9.7462
G01 X1.8997 Y9.7737
G01 X1.9272 Y9.8012
G01 X1.9547 Y9.8288
G01 X1.9823 Y9.8563
G01 X2.0098 Y9.8838
G01 X2.0373 Y9.9113
G01 X2.0649 Y9.9389
G01 X2.0924 Y9.9664
G01 X2.1199 Y9.9939
G01 X2.1475 Y10.0215
G01 X2.1750 Y10.0490
G01 X2.2025 Y10.0765
G01 X2.2301 Y10.1041
G01 X2.2576 Y10.1316
G01 X2.2851 Y10.1316
G01 X2.3126 Y10.1591
G01 X2.3402 Y10.1867
G01 X2.3677 Y10.2142
G01 X2.3952 Y10.2417
G01 X2.4228 Y10.2417
G01 X2.4503 Y10.2693
G01 X2.4778 Y10.2968
G01 X2.5054 Y10.3243
G01 X2.5329 Y10.3519
G01 X2.5604 Y10.3519
G01 X2.5880 Y10.3794
G01 X2.6155 Y10.4069
G01 X2.6430 Y10.4344
G01 X2.6706 Y10.4620
G01 X2.6981 Y10.4620
G01 X2.7256 Y10.4895
G01 X2.7532 Y10.5170
G01 X2.7807 Y10.5446
G01 X2.8082 Y10.5721
G01 X2.8357 Y10.5996
G01 X2.8633 Y10.6272
G01 X2.8908 Y10.6547
G01 X2.9183 Y10.6822
G01 X2.9459 Y10.7098
G01 X2.9734 Y10.7373
G01 X3.0009 Y10.7648
G01 X3.0285 Y10.7924
G01 X3.0560 Y10.8199
G01 X3.0835 Y10.8474
G01 X3.1111 Y10.8750
G01 X3.1386 Y10.9025
G01 X3.1661 Y10.9300
G01 X3.1937 Y10.9575
G01 X3.2212 Y10.9851
G01 X3.2487 Y11.0126
G01 X3.2763 Y11.0126
G01 X3.3038 Y11.0401
G01 X3.3313 Y11.0677
G01 X3.3588 Y11.0952
G01 X3.3864 Y11.1227
G01 X3.4139 Y11.1503
G01 X3.4414 Y11.1503
G01 X3.4690 Y11.1778
G01 X3.4965 Y11.2053
G01 X3.5240 Y11.2053
G01 X3.5516 Y11.2329
G01 X3.5791 Y11.2604
G01 X3.6066 Y11.2604
G01 X3.6342 Y11.2879
G01 X3.6617 Y11.3155
G01 X3.6892 Y11.3430
G01 X3.7168 Y11.3430
G01 X3.7443 Y11.3705
G01 X3.7718 Y11.3981
G01 X3.7994 Y11.4256
G01 X3.8269 Y11.4531
G01 X3.8544 Y11.4806
G01 X3.8819 Y11.5082
G01 X3.9095 Y11.5357
G01 X3.9370 Y11.5632
G01 X3.9645 Y11.5908
G01 X3.9921 Y11.6183
G01 X4.0196 Y11.6458
G01 X4.0471 Y11.6458
G01 X4.0747 Y11.6734
G01 X4.1022 Y11.7009
G01 X4.1297 Y11.7284
G01 X4.1573 Y11.7284
G01 X4.1848 Y11.7560
G01 X4.2123 Y11.7835
G01 X4.2399 Y11.8110
G01 X4.2674 Y11.8386
G01 X4.2949 Y11.8661
G01 X4.3224 Y11.8936
G01 X4.3224 Y11.9211
G01 X4.3500 Y11.9487
G01 X4.3775 Y11.9762
G01 X4.4050 Y12.0037
G01 X4.4326 Y12.0313
G01 X4.4601 Y12.0588
G01 X4.4601 Y12.0863
G01 X4.4876 Y12.1139
G01 X4.5152 Y12.1414
G01 X4.5427 Y12.1689
G01 X4.5427 Y12.1965
M3 S30 ; PEN UP
G00 X4.6804 Y11.6458
M3 S50 ; PEN DOWN
G01 X4.6804 Y11.6183
G01 X4.6528 Y11.5908
G01 X4.6253 Y11.5632
G01 X4.6253 Y11.5357
G01 X4.5978 Y11.5082
G01 X4.5978 Y11.4806
G01 X4.5702 Y11.4531
G01 X4.5702 Y11.4256
G01 X4.5702 Y11.3981
G01 X4.5427 Y11.3705
G01 X4.5427 Y11.3430
G01 X4.5152 Y11.3155
G01 X4.5152 Y11.2879
G01 X4.5152 Y11.2604
G01 X4.5152 Y11.2329
G01 X4.5427 Y11.2053
G01 X4.5702 Y11.2329
G01 X4.5978 Y11.2329
G01 X4.6253 Y11.2329
G01 X4.6528 Y11.2604
G01 X4.6804 Y11.2879
G01 X4.7079 Y11.3155
G01 X4.7354 Y11.3430
G01 X4.7630 Y11.3430
G01 X4.7905 Y11.3705
G01 X4.8180 Y11.3981
G01 X4.8455 Y11.4256
G01 X4.8731 Y11.4256
G01 X4.9006 Y11.4531
G01 X4.9281 Y11.4806
G01 X4.9557 Y11.5082
G01 X4.9832 Y11.5357
G01 X5.0107 Y11.5632
G01 X5.0383 Y11.5908
G01 X5.0658 Y11.6183
G01 X5.0933 Y11.6458
G01 X5.0658 Y11.6183
G01 X5.0383 Y11.5908
G01 X5.0107 Y11.5632
G01 X4.9832 Y11.5357
G01 X4.9557 Y11.5082
G01 X4.9281 Y11.4806
G01 X4.9006 Y11.4531
G01 X4.8731 Y11.4256
G01 X4.8455 Y11.4256
G01 X4.8180 Y11.3981
G01 X4.7905 Y11.3705
G01 X4.7630 Y11.3430
G01 X4.7354 Y11.3430
G01 X4.7079 Y11.3155
G01 X4.6804 Y11.2879
G01 X4.6528 Y11.2604
G01 X4.6253 Y11.2329
G01 X4.5978 Y11.2329
G01 X4.5702 Y11.2329
G01 X4.5427 Y11.2053
G01 X4.5152 Y11.2329
G01 X4.5152 Y11.2604
G01 X4.5152 Y11.2879
G01 X4.5152 Y11.3155
G01 X4.5427 Y11.3430
G01 X4.5427 Y11.3705
G01 X4.5702 Y11.3981
G01 X4.5702 Y11.4256
G01 X4.5702 Y11.4531
G01 X4.5978 Y11.4806
G01 X4.5978 Y11.5082
G01 X4.6253 Y11.5357
G01 X4.6253 Y11.5632
G01 X4.6528 Y11.5908
G01 X4.6804 Y11.6183
M3 S30 ; PEN UP
G00 X5.9743 Y13.7933
M3 S50 ; PEN DOWN
G01 X5.9468 Y13.7658
G01 X5.9468 Y13.7382
G01 X5.9468 Y13.7107
G01 X5.9468 Y13.6832
G01 X5.9468 Y13.6556
G01 X5.9743 Y13.6281
G01 X5.9743 Y13.6006
G01 X5.9743 Y13.5730
G01 X6.0019 Y13.5455
G01 X6.0019 Y13.5180
G01 X6.0019 Y13.4904
G01 X6.0294 Y13.4629
G01 X6.0019 Y13.4904
G01 X6.0019 Y13.5180
G01 X6.0019 Y13.5455
G01 X5.9743 Y13.5730
G01 X5.9743 Y13.6006
G01 X5.9743 Y13.6281
G01 X5.9468 Y13.6556
G01 X5.9468 Y13.6832
G01 X5.9468 Y13.7107
G01 X5.9468 Y13.7382
G01 X5.9468 Y13.7658
G01 X5.9743 Y13.7933
G01 X5.9743 Y13.8208
M3 S30 ; PEN UP
G00 X5.4237 Y15.4452
M3 S50 ; PEN DOWN
G01 X5.4512 Y15.4177
G01 X5.4512 Y15.3901
G01 X5.4512 Y15.3626
G01 X5.4512 Y15.3351
G01 X5.4512 Y15.3075
G01 X5.4237 Y15.2800
G01 X5.4237 Y15.2525
G01 X5.4237 Y15.2249
G01 X5.3962 Y15.1974
G01 X5.3962 Y15.1699
G01 X5.3962 Y15.1423
G01 X5.3962 Y15.1148
G01 X5.3962 Y15.0873
G01 X5.3962 Y15.0597
G01 X5.3962 Y15.0322
G01 X5.3686 Y15.0047
G01 X5.3686 Y14.9771
G01 X5.3686 Y14.9496
G01 X5.3686 Y14.9221
G01 X5.3686 Y14.8946
G01 X5.3411 Y14.8670
G01 X5.3411 Y14.8395
G01 X5.3411 Y14.8120
G01 X5.3411 Y14.7844
G01 X5.3411 Y14.7569
G01 X5.3411 Y14.7294
G01 X5.3136 Y14.7018
G01 X5.3136 Y14.6743
G01 X5.3136 Y14.6468
G01 X5.3136 Y14.6192
G01 X5.3136 Y14.5917
G01 X5.3136 Y14.5642
G01 X5.3136 Y14.5366
G01 X5.3136 Y14.5091
G01 X5.3136 Y14.4816
G01 X5.2861 Y14.4540
G01 X5.2861 Y14.4265
G01 X5.2861 Y14.3990
G01 X5.2861 Y14.3715
G01 X5.2861 Y14.3439
G01 X5.2861 Y14.3164
G01 X5.2861 Y14.2889
G01 X5.2585 Y14.2613
G01 X5.2585 Y14.2338
G01 X5.2585 Y14.2063
G01 X5.2585 Y14.1787
G01 X5.2585 Y14.1512
G01 X5.2585 Y14.1237
G01 X5.2585 Y14.0961
G01 X5.2310 Y14.0686
G01 X5.2310 Y14.0411
G01 X5.2310 Y14.0135
G01 X5.2310 Y13.9860
G01 X5.2035 Y13.9585
G01 X5.2035 Y13.9310
G01 X5.2035 Y13.9034
G01 X5.2035 Y13.8759
G01 X5.1759 Y13.8484
G01 X5.1759 Y13.8208
G01 X5.1759 Y13.7933
G01 X5.1759 Y13.7658
G01 X5.1759 Y13.7382
G01 X5.1484 Y13.7107
G01 X5.1484 Y13.6832
G01 X5.1484 Y13.6556
G01 X5.1209 Y13.6281
G01 X5.1209 Y13.6006
G01 X5.1209 Y13.5730
G01 X5.1209 Y13.5455
G01 X5.0933 Y13.5180
G01 X5.0933 Y13.4904
G01 X5.0658 Y13.4629
G01 X5.0658 Y13.4354
G01 X5.0658 Y13.4079
G01 X5.0383 Y13.3803
G01 X5.0383 Y13.3528
G01 X5.0107 Y13.3253
G01 X5.0107 Y13.2977
G01 X5.0107 Y13.2702
G01 X4.9832 Y13.2427
G01 X4.9832 Y13.2151
G01 X4.9557 Y13.1876
G01 X4.9281 Y13.1601
G01 X4.9557 Y13.1876
G01 X4.9832 Y13.2151
G01 X4.9832 Y13.2427
G01 X5.0107 Y13.2702
G01 X5.0107 Y13.2977
G01 X5.0107 Y13.3253
G01 X5.0383 Y13.3528
G01 X5.0383 Y13.3803
G01 X5.0658 Y13.4079
G01 X5.0658 Y13.4354
G01 X5.0658 Y13.4629
G01 X5.0933 Y13.4904
G01 X5.0933 Y13.5180
G01 X5.1209 Y13.5455
G01 X5.1209 Y13.5730
G01 X5.1209 Y13.6006
G01 X5.1209 Y13.6281
G01 X5.1484 Y13.6556
G01 X5.1484 Y13.6832
G01 X5.1484 Y13.7107
G01 X5.1759 Y13.7382
G01 X5.1759 Y13.7658
G01 X5.1759 Y13.7933
G01 X5.1759 Y13.8208
G01 X5.1759 Y13.8484
G01 X5.2035 Y13.8759
G01 X5.2035 Y13.9034
G01 X5.2035 Y13.9310
G01 X5.2035 Y13.9585
G01 X5.2310 Y13.9860
G01 X5.2310 Y14.0135
G01 X5.2310 Y14.0411
G01 X5.2310 Y14.0686
G01 X5.2585 Y14.0961
G01 X5.2585 Y14.1237
G01 X5.2585 Y14.1512
G01 X5.2585 Y14.1787
G01 X5.2585 Y14.2063
G01 X5.2585 Y14.2338
G01 X5.2585 Y14.2613
G01 X5.2861 Y14.2889
G01 X5.2861 Y14.3164
G01 X5.2861 Y14.3439
G01 X5.2861 Y14.3715
G01 X5.2861 Y14.3990
G01 X5.2861 Y14.4265
G01 X5.2861 Y14.4540
G01 X5.3136 Y14.4816
G01 X5.3136 Y14.5091
G01 X5.3136 Y14.5366
G01 X5.3136 Y14.5642
G01 X5.3136 Y14.5917
G01 X5.3136 Y14.6192
G01 X5.3136 Y14.6468
G01 X5.3136 Y14.6743
G01 X5.3136 Y14.7018
G01 X5.3411 Y14.7294
G01 X5.3411 Y14.7569
G01 X5.3411 Y14.7844
G01 X5.3411 Y14.8120
G01 X5.3411 Y14.8395
G01 X5.3411 Y14.8670
G01 X5.3686 Y14.8946
G01 X5.3686 Y14.9221
G01 X5.3686 Y14.9496
G01 X5.3686 Y14.9771
G01 X5.3686 Y15.0047
G01 X5.3962 Y15.0322
G01 X5.3962 Y15.0597
G01 X5.3962 Y15.0873
G01 X5.3962 Y15.1148
G01 X5.3962 Y15.1423
G01 X5.3962 Y15.1699
G01 X5.3962 Y15.1974
G01 X5.4237 Y15.2249
G01 X5.4237 Y15.2525
G01 X5.4237 Y15.2800
G01 X5.4512 Y15.3075
G01 X5.4512 Y15.3351
G01 X5.4512 Y15.3626
G01 X5.4512 Y15.3901
G01 X5.4512 Y15.4177
G01 X5.4237 Y15.4452
G01 X5.4237 Y15.4727
M3 S30 ; PEN UP
G00 X5.4237 Y16.1059
M3 S50 ; PEN DOWN
G01 X5.4512 Y16.0784
G01 X5.4512 Y16.0509
G01 X5.4512 Y16.0233
G01 X5.4512 Y15.9958
G01 X5.4512 Y15.9683
G01 X5.4788 Y15.9408
G01 X5.4788 Y15.9132
G01 X5.4788 Y15.8857
G01 X5.4788 Y15.8582
G01 X5.4788 Y15.8857
G01 X5.4788 Y15.9132
G01 X5.4788 Y15.9408
G01 X5.4512 Y15.9683
G01 X5.4512 Y15.9958
G01 X5.4512 Y16.0233
G01 X5.4512 Y16.0509
G01 X5.4512 Y16.0784
G01 X5.4237 Y16.1059
G01 X5.4237 Y16.1335
M3 S30 ; PEN UP
G00 X5.7816 Y16.5464
M3 S50 ; PEN DOWN
G01 X5.7816 Y16.5189
G01 X5.7816 Y16.4914
G01 X5.7541 Y16.4639
G01 X5.7541 Y16.4363
G01 X5.7541 Y16.4088
G01 X5.7541 Y16.3813
G01 X5.7541 Y16.3537
G01 X5.7266 Y16.3262
G01 X5.7266 Y16.2987
G01 X5.7266 Y16.2711
G01 X5.6990 Y16.2436
G01 X5.6990 Y16.2161
G01 X5.6990 Y16.1885
G01 X5.6990 Y16.1610
G01 X5.6990 Y16.1335
G01 X5.6715 Y16.1059
G01 X5.6715 Y16.0784
G01 X5.6440 Y16.0509
G01 X5.6440 Y16.0233
G01 X5.6440 Y15.9958
G01 X5.6440 Y15.9683
G01 X5.6440 Y15.9408
G01 X5.6164 Y15.9132
G01 X5.6164 Y15.8857
G01 X5.6164 Y15.8582
G01 X5.5889 Y15.8306
G01 X5.5889 Y15.8031
G01 X5.5889 Y15.7756
G01 X5.5614 Y15.7480
G01 X5.5614 Y15.7205
G01 X5.5614 Y15.6930
G01 X5.5614 Y15.6654
G01 X5.5614 Y15.6379
G01 X5.5614 Y15.6104
G01 X5.5614 Y15.5828
G01 X5.5614 Y15.5553
G01 X5.5614 Y15.5278
G01 X5.5889 Y15.5002
G01 X5.5889 Y15.4727
G01 X5.5889 Y15.4452
G01 X5.6164 Y15.4177
G01 X5.6164 Y15.3901
G01 X5.6164 Y15.3626
G01 X5.6440 Y15.3351
G01 X5.6440 Y15.3075
G01 X5.6440 Y15.2800
G01 X5.6440 Y15.2525
G01 X5.6715 Y15.2249
G01 X5.6715 Y15.1974
G01 X5.6715 Y15.1699
G01 X5.6990 Y15.1423
G01 X5.6990 Y15.1148
G01 X5.6990 Y15.0873
G01 X5.7266 Y15.0597
G01 X5.7266 Y15.0322
G01 X5.7266 Y15.0047
G01 X5.7541 Y14.9771
G01 X5.7541 Y14.9496
G01 X5.7541 Y14.9221
G01 X5.7816 Y14.8946
G01 X5.7816 Y14.8670
G01 X5.7816 Y14.8395
G01 X5.8092 Y14.8120
G01 X5.8092 Y14.7844
G01 X5.8092 Y14.7569
G01 X5.8367 Y14.7294
G01 X5.8367 Y14.7018
G01 X5.8367 Y14.6743
G01 X5.8367 Y14.6468
G01 X5.8642 Y14.6192
G01 X5.8642 Y14.5917
G01 X5.8642 Y14.5642
G01 X5.8917 Y14.5366
G01 X5.8917 Y14.5091
G01 X5.8917 Y14.4816
G01 X5.9193 Y14.4540
G01 X5.9193 Y14.4265
G01 X5.9193 Y14.3990
G01 X5.9468 Y14.3715
G01 X5.9468 Y14.3439
G01 X5.9468 Y14.3164
G01 X5.9468 Y14.2889
G01 X5.9743 Y14.2613
G01 X5.9743 Y14.2338
G01 X5.9743 Y14.2063
G01 X6.0019 Y14.1787
G01 X6.0019 Y14.1512
G01 X6.0019 Y14.1237
G01 X6.0019 Y14.0961
G01 X6.0294 Y14.0686
G01 X6.0294 Y14.0411
G01 X6.0294 Y14.0135
G01 X6.0569 Y13.9860
G01 X6.0569 Y13.9585
G01 X6.0569 Y13.9310
G01 X6.0569 Y13.9034
G01 X6.0845 Y13.8759
G01 X6.0845 Y13.8484
G01 X6.0845 Y13.8208
G01 X6.0845 Y13.7933
G01 X6.0845 Y13.7658
G01 X6.1120 Y13.7382
G01 X6.1120 Y13.7107
G01 X6.1120 Y13.6832
G01 X6.1120 Y13.6556
G01 X6.1395 Y13.6281
G01 X6.1395 Y13.6006
G01 X6.1395 Y13.5730
G01 X6.1395 Y13.5455
G01 X6.1671 Y13.5180
G01 X6.1671 Y13.4904
G01 X6.1671 Y13.4629
G01 X6.1671 Y13.4354
G01 X6.1946 Y13.4079
G01 X6.1946 Y13.3803
G01 X6.1946 Y13.3528
G01 X6.1946 Y13.3253
G01 X6.2221 Y13.2977
G01 X6.2221 Y13.2702
G01 X6.2221 Y13.2427
G01 X6.2221 Y13.2151
G01 X6.2221 Y13.1876
G01 X6.2497 Y13.1601
G01 X6.2497 Y13.1325
G01 X6.2497 Y13.1050
G01 X6.2772 Y13.0775
G01 X6.2772 Y13.0499
G01 X6.2772 Y13.0224
G01 X6.2772 Y12.9949
G01 X6.3047 Y12.9673
G01 X6.3047 Y12.9398
G01 X6.3047 Y12.9123
G01 X6.3047 Y12.8848
G01 X6.3323 Y12.8572
G01 X6.3323 Y12.8297
G01 X6.3323 Y12.8022
G01 X6.3323 Y12.7746
G01 X6.3323 Y12.7471
G01 X6.3323 Y12.7196
G01 X6.3323 Y12.6920
G01 X6.3323 Y12.6645
G01 X6.3323 Y12.6370
G01 X6.3323 Y12.6094
G01 X6.3323 Y12.5819
G01 X6.3047 Y12.5544
G01 X6.3047 Y12.5268
G01 X6.3047 Y12.4993
G01 X6.3047 Y12.4718
G01 X6.2772 Y12.4442
G01 X6.2772 Y12.4167
G01 X6.2772 Y12.3892
G01 X6.2497 Y12.3617
G01 X6.2497 Y12.3341
G01 X6.2497 Y12.3066
G01 X6.2497 Y12.2791
G01 X6.2221 Y12.2515
G01 X6.2221 Y12.2240
G01 X6.2221 Y12.1965
G01 X6.2221 Y12.1689
G01 X6.2221 Y12.1414
G01 X6.1946 Y12.1139
G01 X6.1946 Y12.0863
G01 X6.1946 Y12.0588
G01 X6.1946 Y12.0313
G01 X6.1946 Y12.0037
G01 X6.1946 Y11.9762
G01 X6.1946 Y11.9487
G01 X6.1946 Y11.9762
G01 X6.1946 Y12.0037
G01 X6.1946 Y12.0313
G01 X6.1946 Y12.0588
G01 X6.1946 Y12.0863
G01 X6.1946 Y12.1139
G01 X6.2221 Y12.1414
G01 X6.2221 Y12.1689
G01 X6.2221 Y12.1965
G01 X6.2221 Y12.2240
G01 X6.2221 Y12.2515
G01 X6.2497 Y12.2791
G01 X6.2497 Y12.3066
G01 X6.2497 Y12.3341
G01 X6.2497 Y12.3617
G01 X6.2772 Y12.3892
G01 X6.2772 Y12.4167
G01 X6.2772 Y12.4442
G01 X6.3047 Y12.4718
G01 X6.3047 Y12.4993
G01 X6.3047 Y12.5268
G01 X6.3047 Y12.5544
G01 X6.3323 Y12.5819
G01 X6.3323 Y12.6094
G01 X6.3323 Y12.6370
G01 X6.3323 Y12.6645
G01 X6.3323 Y12.6920
G01 X6.3323 Y12.7196
G01 X6.3323 Y12.7471
G01 X6.3323 Y12.7746
G01 X6.3323 Y12.8022
G01 X6.3323 Y12.8297
G01 X6.3323 Y12.8572
G01 X6.3047 Y12.8848
G01 X6.3047 Y12.9123
G01 X6.3047 Y12.9398
G01 X6.3047 Y12.9673
G01 X6.2772 Y12.9949
G01 X6.2772 Y13.0224
G01 X6.2772 Y13.0499
G01 X6.2772 Y13.0775
G01 X6.2497 Y13.1050
G01 X6.2497 Y13.1325
G01 X6.2497 Y13.1601
G01 X6.2221 Y13.1876
G01 X6.2221 Y13.2151
G01 X6.2221 Y13.2427
G01 X6.2221 Y13.2702
G01 X6.2221 Y13.2977
G01 X6.1946 Y13.3253
G01 X6.1946 Y13.3528
G01 X6.1946 Y13.3803
G01 X6.1946 Y13.4079
G01 X6.1671 Y13.4354
G01 X6.1671 Y13.4629
G01 X6.1671 Y13.4904
G01 X6.1671 Y13.5180
G01 X6.1395 Y13.5455
G01 X6.1395 Y13.5730
G01 X6.1395 Y13.6006
G01 X6.1395 Y13.6281
G01 X6.1120 Y13.6556
G01 X6.1120 Y13.6832
G01 X6.1120 Y13.7107
G01 X6.1120 Y13.7382
G01 X6.0845 Y13.7658
G01 X6.0845 Y13.7933
G01 X6.0845 Y13.8208
G01 X6.0845 Y13.8484
G01 X6.0845 Y13.8759
G01 X6.0569 Y13.9034
G01 X6.0569 Y13.9310
G01 X6.0569 Y13.9585
G01 X6.0569 Y13.9860
G01 X6.0294 Y14.0135
G01 X6.0294 Y14.0411
G01 X6.0294 Y14.0686
G01 X6.0019 Y14.0961
G01 X6.0019 Y14.1237
G01 X6.0019 Y14.1512
G01 X6.0019 Y14.1787
G01 X5.9743 Y14.2063
G01 X5.9743 Y14.2338
G01 X5.9743 Y14.2613
G01 X5.9468 Y14.2889
G01 X5.9468 Y14.3164
G01 X5.9468 Y14.3439
G01 X5.9468 Y14.3715
G01 X5.9193 Y14.3990
G01 X5.9193 Y14.4265
G01 X5.9193 Y14.4540
G01 X5.8917 Y14.4816
G01 X5.8917 Y14.5091
G01 X5.8917 Y14.5366
G01 X5.8642 Y14.5642
G01 X5.8642 Y14.5917
G01 X5.8642 Y14.6192
G01 X5.8367 Y14.6468
G01 X5.8367 Y14.6743
G01 X5.8367 Y14.7018
G01 X5.8367 Y14.7294
G01 X5.8092 Y14.7569
G01 X5.8092 Y14.7844
G01 X5.8092 Y14.8120
G01 X5.7816 Y14.8395
G01 X5.7816 Y14.8670
G01 X5.7816 Y14.8946
G01 X5.7541 Y14.9221
G01 X5.7541 Y14.9496
G01 X5.7541 Y14.9771
G01 X5.7266 Y15.0047
G01 X5.7266 Y15.0322
G01 X5.7266 Y15.0597
G01 X5.6990 Y15.0873
G01 X5.6990 Y15.1148
G01 X5.6990 Y15.1423
G01 X5.6715 Y15.1699
G01 X5.6715 Y15.1974
G01 X5.6715 Y15.2249
G01 X5.6440 Y15.2525
G01 X5.6440 Y15.2800
G01 X5.6440 Y15.3075
G01 X5.6440 Y15.3351
G01 X5.6164 Y15.3626
G01 X5.6164 Y15.3901
G01 X5.6164 Y15.4177
G01 X5.5889 Y15.4452
G01 X5.5889 Y15.4727
G01 X5.5889 Y15.5002
G01 X5.5614 Y15.5278
G01 X5.5614 Y15.5553
G01 X5.5614 Y15.5828
G01 X5.5614 Y15.6104
G01 X5.5614 Y15.6379
G01 X5.5614 Y15.6654
G01 X5.5614 Y15.6930
G01 X5.5614 Y15.7205
G01 X5.5614 Y15.7480
G01 X5.5889 Y15.7756
G01 X5.5889 Y15.8031
G01 X5.5889 Y15.8306
G01 X5.6164 Y15.8582
G01 X5.6164 Y15.8857
G01 X5.6164 Y15.9132
G01 X5.6440 Y15.9408
G01 X5.6440 Y15.9683
G01 X5.6440 Y15.9958
G01 X5.6440 Y16.0233
G01 X5.6440 Y16.0509
G01 X5.6715 Y16.0784
G01 X5.6715 Y16.1059
G01 X5.6990 Y16.1335
G01 X5.6990 Y16.1610
G01 X5.6990 Y16.1885
G01 X5.6990 Y16.2161
G01 X5.6990 Y16.2436
G01 X5.7266 Y16.2711
G01 X5.7266 Y16.2987
G01 X5.7266 Y16.3262
G01 X5.7541 Y16.3537
G01 X5.7541 Y16.3813
G01 X5.7541 Y16.4088
G01 X5.7541 Y16.4363
G01 X5.7541 Y16.4639
G01 X5.7816 Y16.4914
G01 X5.7816 Y16.5189
G01 X5.7816 Y16.5464
G01 X5.7816 Y16.5740
M3 S30 ; PEN UP
G00 X5.7816 Y17.0971
M3 S50 ; PEN DOWN
G01 X5.7816 Y17.0695
G01 X5.8092 Y17.0420
G01 X5.8092 Y17.0145
G01 X5.8092 Y16.9870
G01 X5.8092 Y16.9594
G01 X5.8092 Y16.9319
G01 X5.8092 Y16.9044
G01 X5.8092 Y16.8768
G01 X5.8092 Y16.8493
G01 X5.8092 Y16.8218
G01 X5.8092 Y16.7942
G01 X5.8092 Y16.7667
G01 X5.8092 Y16.7392
G01 X5.8092 Y16.7116
G01 X5.8092 Y16.7392
G01 X5.8092 Y16.7667
G01 X5.8092 Y16.7942
G01 X5.8092 Y16.8218
G01 X5.8092 Y16.8493
G01 X5.8092 Y16.8768
G01 X5.8092 Y16.9044
G01 X5.8092 Y16.9319
G01 X5.8092 Y16.9594
G01 X5.8092 Y16.9870
G01 X5.8092 Y17.0145
G01 X5.8092 Y17.0420
G01 X5.7816 Y17.0695
G01 X5.7816 Y17.0971
G01 X5.7541 Y17.1246
M3 S30 ; PEN UP
G00 X5.7816 Y17.9781
M3 S50 ; PEN DOWN
G01 X5.8092 Y17.9781
G01 X5.8367 Y17.9781
G01 X5.8642 Y17.9506
G01 X5.8917 Y17.9506
G01 X5.9193 Y17.9506
G01 X5.9468 Y17.9230
G01 X5.9743 Y17.9230
G01 X6.0019 Y17.9230
G01 X6.0294 Y17.8955
G01 X6.0569 Y17.8680
G01 X6.0569 Y17.8404
G01 X6.0294 Y17.8129
G01 X6.0019 Y17.8129
G01 X5.9743 Y17.8129
G01 X5.9468 Y17.8129
G01 X5.9193 Y17.8129
G01 X5.8917 Y17.8129
G01 X5.8642 Y17.8129
G01 X5.8367 Y17.8404
G01 X5.8367 Y17.8680
G01 X5.8367 Y17.8404
G01 X5.8367 Y17.8129
G01 X5.8092 Y17.7854
G01 X5.7816 Y17.8129
G01 X5.7541 Y17.8129
G01 X5.7266 Y17.8129
G01 X5.6990 Y17.8129
G01 X5.6715 Y17.8129
G01 X5.6440 Y17.8129
G01 X5.6164 Y17.8129
G01 X5.5889 Y17.8129
G01 X5.5614 Y17.8129
G01 X5.5338 Y17.8129
G01 X5.5063 Y17.8129
G01 X5.4788 Y17.8129
G01 X5.4512 Y17.8129
G01 X5.4788 Y17.8129
G01 X5.5063 Y17.8129
G01 X5.5338 Y17.8129
G01 X5.5614 Y17.8129
G01 X5.5889 Y17.8129
G01 X5.6164 Y17.8129
G01 X5.6440 Y17.8129
G01 X5.6715 Y17.8129
G01 X5.6990 Y17.8129
G01 X5.7266 Y17.8129
G01 X5.7541 Y17.8129
G01 X5.7816 Y17.8129
G01 X5.8092 Y17.7854
G01 X5.8367 Y17.8129
G01 X5.8642 Y17.8129
G01 X5.8917 Y17.8129
G01 X5.9193 Y17.7854
G01 X5.9468 Y17.7578
G01 X5.9743 Y17.7854
G01 X6.0019 Y17.8129
G01 X6.0294 Y17.8129
G01 X6.0569 Y17.8129
G01 X6.0845 Y17.8129
G01 X6.1120 Y17.8129
G01 X6.1395 Y17.8129
G01 X6.1671 Y17.8129
G01 X6.1946 Y17.7854
G01 X6.2221 Y17.7854
G01 X6.2497 Y17.7854
G01 X6.2772 Y17.7854
G01 X6.3047 Y17.7578
G01 X6.3323 Y17.7578
G01 X6.3598 Y17.7578
G01 X6.3873 Y17.7578
G01 X6.4148 Y17.7578
G01 X6.4424 Y17.7578
G01 X6.4699 Y17.7578
G01 X6.4974 Y17.7578
G01 X6.5250 Y17.7578
G01 X6.5525 Y17.7578
G01 X6.5800 Y17.7578
G01 X6.6076 Y17.7303
G01 X6.6351 Y17.7303
G01 X6.6626 Y17.7303
G01 X6.6902 Y17.7303
G01 X6.7177 Y17.7303
G01 X6.7452 Y17.7303
G01 X6.7728 Y17.7028
G01 X6.8003 Y17.6752
G01 X6.8278 Y17.6477
G01 X6.8553 Y17.6477
G01 X6.8829 Y17.6202
G01 X6.9104 Y17.6202
G01 X6.9379 Y17.5926
G01 X6.9655 Y17.5926
G01 X6.9930 Y17.5651
G01 X7.0205 Y17.5651
G01 X7.0481 Y17.5376
G01 X7.0756 Y17.5376
G01 X7.1031 Y17.5100
G01 X7.1307 Y17.5100
G01 X7.1582 Y17.4825
G01 X7.1857 Y17.4825
G01 X7.2133 Y17.4550
G01 X7.2408 Y17.4550
G01 X7.2683 Y17.4275
G01 X7.2959 Y17.3999
G01 X7.3234 Y17.3999
G01 X7.3509 Y17.3999
G01 X7.3784 Y17.3724
G01 X7.4060 Y17.3724
G01 X7.4335 Y17.3724
G01 X7.4610 Y17.3724
G01 X7.4886 Y17.3449
G01 X7.5161 Y17.3449
G01 X7.5436 Y17.3449
G01 X7.5712 Y17.3449
G01 X7.5987 Y17.3449
G01 X7.6262 Y17.3449
G01 X7.6538 Y17.3449
G01 X7.6813 Y17.3449
G01 X7.7088 Y17.3173
G01 X7.7364 Y17.3173
G01 X7.7639 Y17.3173
G01 X7.7914 Y17.3173
G01 X7.8190 Y17.3173
G01 X7.8465 Y17.3173
G01 X7.8740 Y17.3173
G01 X7.9015 Y17.2898
G01 X7.9291 Y17.2898
G01 X7.9566 Y17.2898
G01 X7.9841 Y17.2898
G01 X8.0117 Y17.2898
G01 X8.0392 Y17.2898
G01 X8.0667 Y17.2623
G01 X8.0943 Y17.2623
G01 X8.1218 Y17.2623
G01 X8.1493 Y17.2347
G01 X8.1769 Y17.2347
G01 X8.2044 Y17.2072
G01 X8.2319 Y17.2072
G01 X8.2595 Y17.1797
G01 X8.2870 Y17.1521
G01 X8.2870 Y17.1246
G01 X8.2870 Y17.0971
G01 X8.2595 Y17.0695
G01 X8.2595 Y17.0420
G01 X8.2870 Y17.0145
G01 X8.2870 Y16.9870
G01 X8.3145 Y16.9594
G01 X8.3145 Y16.9319
G01 X8.3421 Y16.9044
G01 X8.3421 Y16.8768
G01 X8.3421 Y16.9044
G01 X8.3145 Y16.9319
G01 X8.3145 Y16.9594
G01 X8.2870 Y16.9870
G01 X8.2870 Y17.0145
G01 X8.2595 Y17.0420
G01 X8.2595 Y17.0695
G01 X8.2870 Y17.0971
G01 X8.2870 Y17.1246
G01 X8.3145 Y17.1521
G01 X8.3421 Y17.1521
G01 X8.3696 Y17.1521
G01 X8.3971 Y17.1521
G01 X8.4246 Y17.1521
G01 X8.4522 Y17.1797
G01 X8.4797 Y17.1797
G01 X8.5072 Y17.1797
G01 X8.5348 Y17.1797
G01 X8.5623 Y17.1797
G01 X8.5898 Y17.1797
G01 X8.6174 Y17.2072
G01 X8.6449 Y17.2072
G01 X8.6724 Y17.2072
G01 X8.7000 Y17.2347
G01 X8.7275 Y17.2347
G01 X8.7000 Y17.2347
G01 X8.6724 Y17.2072
G01 X8.6449 Y17.2072
G01 X8.6174 Y17.2072
G01 X8.5898 Y17.1797
G01 X8.5623 Y17.1797
G01 X8.5348 Y17.1797
G01 X8.5072 Y17.1797
G01 X8.4797 Y17.1797
G01 X8.4522 Y17.1797
G01 X8.4246 Y17.1521
G01 X8.3971 Y17.1521
G01 X8.3696 Y17.1521
G01 X8.3421 Y17.1521
G01 X8.3145 Y17.1521
G01 X8.2870 Y17.1521
G01 X8.2595 Y17.1797
G01 X8.2319 Y17.2072
G01 X8.2044 Y17.2072
G01 X8.1769 Y17.2347
G01 X8.1493 Y17.2347
G01 X8.1218 Y17.2623
G01 X8.0943 Y17.2623
G01 X8.0667 Y17.2623
G01 X8.0392 Y17.2898
G01 X8.0117 Y17.2898
G01 X7.9841 Y17.2898
G01 X7.9566 Y17.2898
G01 X7.9291 Y17.2898
G01 X7.9015 Y17.2898
G01 X7.8740 Y17.3173
G01 X7.8465 Y17.3173
G01 X7.8190 Y17.3173
G01 X7.7914 Y17.3173
G01 X7.7639 Y17.3173
G01 X7.7364 Y17.3173
G01 X7.7088 Y17.3173
G01 X7.6813 Y17.3449
G01 X7.6538 Y17.3449
G01 X7.6262 Y17.3449
G01 X7.5987 Y17.3449
G01 X7.5712 Y17.3449
G01 X7.5436 Y17.3449
G01 X7.5161 Y17.3449
G01 X7.4886 Y17.3449
G01 X7.4610 Y17.3724
G01 X7.4335 Y17.3724
G01 X7.4060 Y17.3724
G01 X7.3784 Y17.3724
G01 X7.3509 Y17.3999
G01 X7.3234 Y17.3999
G01 X7.2959 Y17.3999
G01 X7.2683 Y17.4275
G01 X7.2408 Y17.4550
G01 X7.2133 Y17.4550
G01 X7.1857 Y17.4825
G01 X7.1582 Y17.4825
G01 X7.1307 Y17.5100
G01 X7.1031 Y17.5100
G01 X7.0756 Y17.5376
G01 X7.0481 Y17.5376
G01 X7.0205 Y17.5651
G01 X6.9930 Y17.5651
G01 X6.9655 Y17.5926
G01 X6.9379 Y17.5926
G01 X6.9104 Y17.6202
G01 X6.8829 Y17.6202
G01 X6.8553 Y17.6477
G01 X6.8278 Y17.6477
G01 X6.8003 Y17.6752
G01 X6.8278 Y17.7028
G01 X6.8553 Y17.7303
G01 X6.8829 Y17.7303
G01 X6.9104 Y17.7303
G01 X6.9379 Y17.7303
G01 X6.9655 Y17.7303
G01 X6.9930 Y17.7303
G01 X7.0205 Y17.7303
G01 X7.0481 Y17.7303
G01 X7.0756 Y17.7303
G01 X7.1031 Y17.7028
G01 X7.1307 Y17.7028
G01 X7.1582 Y17.7028
G01 X7.1857 Y17.7028
G01 X7.2133 Y17.7028
G01 X7.2408 Y17.7028
G01 X7.2683 Y17.7028
G01 X7.2959 Y17.7028
G01 X7.3234 Y17.7028
G01 X7.3509 Y17.7028
G01 X7.3784 Y17.7028
G01 X7.4060 Y17.7028
G01 X7.4335 Y17.7028
G01 X7.4610 Y17.6752
G01 X7.4886 Y17.6752
G01 X7.5161 Y17.6752
G01 X7.5436 Y17.6752
G01 X7.5712 Y17.6477
G01 X7.5987 Y17.6477
G01 X7.6262 Y17.6477
G01 X7.6538 Y17.6202
G01 X7.6813 Y17.6202
G01 X7.7088 Y17.6202
G01 X7.7364 Y17.5926
G01 X7.7639 Y17.5926
G01 X7.7914 Y17.5651
G01 X7.8190 Y17.5651
G01 X7.8465 Y17.5651
G01 X7.8740 Y17.5376
G01 X7.9015 Y17.5376
G01 X7.9291 Y17.5376
G01 X7.9566 Y17.5376
G01 X7.9841 Y17.5100
G01 X8.0117 Y17.5100
G01 X8.0392 Y17.5100
G01 X8.0667 Y17.5100
G01 X8.0943 Y17.5100
G01 X8.1218 Y17.5100
G01 X8.1493 Y17.5100
G01 X8.1769 Y17.5100
G01 X8.2044 Y17.5100
G01 X8.2319 Y17.5100
G01 X8.2595 Y17.5100
G01 X8.2870 Y17.5100
G01 X8.3145 Y17.5100
G01 X8.3421 Y17.5100
G01 X8.3696 Y17.4825
G01 X8.3971 Y17.4825
G01 X8.4246 Y17.4825
G01 X8.4522 Y17.4550
G01 X8.4797 Y17.4550
G01 X8.5072 Y17.4550
G01 X8.5348 Y17.4275
G01 X8.5623 Y17.4275
G01 X8.5898 Y17.4275
G01 X8.6174 Y17.3999
G01 X8.6449 Y17.3999
G01 X8.6724 Y17.3724
G01 X8.7000 Y17.3724
G01 X8.7275 Y17.3724
G01 X8.7550 Y17.3724
G01 X8.7826 Y17.3449
G01 X8.8101 Y17.3449
G01 X8.8376 Y17.3449
G01 X8.8652 Y17.3173
G01 X8.8376 Y17.2898
G01 X8.8376 Y17.2623
G01 X8.8376 Y17.2898
G01 X8.8652 Y17.3173
G01 X8.8927 Y17.3449
G01 X8.9202 Y17.3449
G01 X8.9477 Y17.3449
G01 X8.9753 Y17.3449
G01 X9.0028 Y17.3449
G01 X9.0303 Y17.3449
G01 X9.0579 Y17.3449
G01 X9.0854 Y17.3449
G01 X9.1129 Y17.3449
G01 X9.1405 Y17.3449
G01 X9.1680 Y17.3449
G01 X9.1955 Y17.3449
G01 X9.2231 Y17.3173
G01 X9.2506 Y17.3173
G01 X9.2781 Y17.3173
G01 X9.3057 Y17.3173
G01 X9.3332 Y17.3173
G01 X9.3607 Y17.2898
G01 X9.3882 Y17.2898
G01 X9.4158 Y17.2898
G01 X9.4433 Y17.2898
G01 X9.4708 Y17.2898
G01 X9.4984 Y17.2898
G01 X9.5259 Y17.2898
G01 X9.5534 Y17.2623
G01 X9.5810 Y17.2623
G01 X9.6085 Y17.2623
G01 X9.6360 Y17.2623
G01 X9.6636 Y17.2623
G01 X9.6911 Y17.2623
G01 X9.7186 Y17.2347
G01 X9.7462 Y17.2347
G01 X9.7737 Y17.2347
G01 X9.8012 Y17.2347
G01 X9.8288 Y17.2347
G01 X9.8563 Y17.2347
G01 X9.8838 Y17.2347
G01 X9.9113 Y17.2347
G01 X9.9389 Y17.2347
G01 X9.9664 Y17.2347
G01 X9.9939 Y17.2347
G01 X10.0215 Y17.2623
G01 X10.0490 Y17.2347
G01 X10.0765 Y17.2072
G01 X10.0765 Y17.1797
G01 X10.1041 Y17.1521
G01 X10.1041 Y17.1246
G01 X10.1316 Y17.0971
G01 X10.1041 Y17.0695
G01 X10.1041 Y17.0420
G01 X10.0765 Y17.0145
G01 X10.0490 Y17.0145
G01 X10.0215 Y16.9870
G01 X9.9939 Y16.9870
G01 X9.9664 Y16.9870
G01 X9.9389 Y16.9870
G01 X9.9113 Y16.9870
G01 X9.8838 Y16.9870
G01 X9.8563 Y16.9870
G01 X9.8288 Y17.0145
G01 X9.8012 Y17.0420
G01 X9.7737 Y17.0420
G01 X9.8012 Y17.0420
G01 X9.8288 Y17.0145
G01 X9.8563 Y16.9870
G01 X9.8563 Y16.9594
G01 X9.8563 Y16.9319
G01 X9.8563 Y16.9044
G01 X9.8288 Y16.8768
G01 X9.8288 Y16.8493
G01 X9.8288 Y16.8218
G01 X9.8288 Y16.7942
G01 X9.8288 Y16.7667
G01 X9.8288 Y16.7392
G01 X9.8288 Y16.7667
G01 X9.8288 Y16.7942
G01 X9.8288 Y16.8218
G01 X9.8288 Y16.8493
G01 X9.8288 Y16.8768
G01 X9.8563 Y16.9044
G01 X9.8563 Y16.9319
G01 X9.8563 Y16.9594
G01 X9.8838 Y16.9870
G01 X9.9113 Y16.9870
G01 X9.9389 Y16.9870
G01 X9.9664 Y16.9870
G01 X9.9939 Y16.9870
G01 X10.0215 Y16.9870
G01 X10.0490 Y17.0145
G01 X10.0765 Y17.0145
G01 X10.1041 Y16.9870
G01 X10.1041 Y16.9594
G01 X10.1041 Y16.9319
G01 X10.1041 Y16.9044
G01 X10.0765 Y16.8768
G01 X10.0765 Y16.8493
G01 X10.0765 Y16.8218
G01 X10.0765 Y16.7942
G01 X10.0765 Y16.7667
G01 X10.0765 Y16.7392
G01 X10.0765 Y16.7116
G01 X10.0765 Y16.6841
G01 X10.0765 Y16.6566
G01 X10.0765 Y16.6290
G01 X10.0765 Y16.6015
G01 X10.0765 Y16.5740
G01 X10.0765 Y16.5464
G01 X10.0765 Y16.5189
G01 X10.0765 Y16.4914
G01 X10.0765 Y16.4639
G01 X10.0765 Y16.4363
G01 X10.0765 Y16.4088
G01 X10.0765 Y16.3813
G01 X10.0765 Y16.3537
G01 X10.0765 Y16.3262
G01 X10.0765 Y16.2987
G01 X10.0765 Y16.2711
G01 X10.0765 Y16.2436
G01 X10.0765 Y16.2161
G01 X10.0765 Y16.1885
G01 X10.0765 Y16.1610
G01 X10.0765 Y16.1335
G01 X10.0765 Y16.1059
G01 X10.0765 Y16.0784
G01 X10.1041 Y16.0509
G01 X10.1041 Y16.0233
G01 X10.1041 Y15.9958
G01 X10.1041 Y15.9683
G01 X10.1041 Y15.9408
G01 X10.1041 Y15.9132
G01 X10.1041 Y15.8857
G01 X10.1041 Y15.8582
G01 X10.1041 Y15.8306
G01 X10.1041 Y15.8031
G01 X10.1041 Y15.7756
G01 X10.1041 Y15.7480
G01 X10.1316 Y15.7205
G01 X10.1316 Y15.6930
G01 X10.1316 Y15.6654
G01 X10.1316 Y15.6379
G01 X10.1316 Y15.6104
G01 X10.1316 Y15.5828
G01 X10.1316 Y15.5553
G01 X10.1316 Y15.5278
G01 X10.1316 Y15.5002
G01 X10.1316 Y15.4727
G01 X10.1316 Y15.4452
G01 X10.1316 Y15.4177
G01 X10.1316 Y15.3901
G01 X10.1316 Y15.3626
G01 X10.1316 Y15.3351
G01 X10.1316 Y15.3075
G01 X10.1316 Y15.2800
G01 X10.1316 Y15.2525
G01 X10.1316 Y15.2249
G01 X10.1316 Y15.1974
G01 X10.1316 Y15.1699
G01 X10.1316 Y15.1423
G01 X10.1316 Y15.1148
G01 X10.1316 Y15.0873
G01 X10.1316 Y15.0597
G01 X10.1316 Y15.0322
G01 X10.1316 Y15.0047
G01 X10.1316 Y14.9771
G01 X10.1316 Y14.9496
G01 X10.1316 Y14.9221
G01 X10.1316 Y14.8946
G01 X10.1316 Y14.8670
G01 X10.1316 Y14.8395
G01 X10.1316 Y14.8120
G01 X10.1316 Y14.7844
G01 X10.1316 Y14.7569
G01 X10.1316 Y14.7294
G01 X10.1316 Y14.7018
G01 X10.1316 Y14.6743
G01 X10.1316 Y14.6468
G01 X10.1316 Y14.6192
G01 X10.1041 Y14.5917
G01 X10.1041 Y14.5642
G01 X10.1041 Y14.5366
G01 X10.1041 Y14.5091
G01 X10.1041 Y14.4816
G01 X10.1041 Y14.4540
G01 X10.1041 Y14.4265
G01 X10.1041 Y14.3990
G01 X10.1041 Y14.3715
G01 X10.1041 Y14.3439
G01 X10.1041 Y14.3164
G01 X10.1041 Y14.2889
G01 X10.1041 Y14.2613
G01 X10.1041 Y14.2338
G01 X10.1041 Y14.2063
G01 X10.1041 Y14.1787
G01 X10.1041 Y14.1512
G01 X10.1041 Y14.1237
G01 X10.1041 Y14.0961
G01 X10.1041 Y14.0686
G01 X10.1041 Y14.0411
G01 X10.1041 Y14.0135
G01 X10.1041 Y13.9860
G01 X10.1041 Y13.9585
G01 X10.1041 Y13.9310
G01 X10.1041 Y13.9034
G01 X10.1041 Y13.8759
G01 X10.1041 Y13.8484
G01 X10.1041 Y13.8208
G01 X10.1041 Y13.7933
G01 X10.1041 Y13.7658
G01 X10.1041 Y13.7382
G01 X10.1041 Y13.7107
G01 X10.1041 Y13.6832
G01 X10.1041 Y13.6556
G01 X10.1041 Y13.6281
G01 X10.1041 Y13.6006
G01 X10.1041 Y13.5730
G01 X10.1041 Y13.5455
G01 X10.1041 Y13.5180
G01 X10.1316 Y13.4904
G01 X10.1316 Y13.4629
G01 X10.1316 Y13.4354
G01 X10.1316 Y13.4079
G01 X10.1316 Y13.3803
G01 X10.1316 Y13.3528
G01 X10.1316 Y13.3253
G01 X10.1316 Y13.2977
G01 X10.1316 Y13.2702
G01 X10.1316 Y13.2427
G01 X10.1316 Y13.2151
G01 X10.1316 Y13.1876
G01 X10.1316 Y13.1601
G01 X10.1316 Y13.1325
G01 X10.1316 Y13.1050
G01 X10.1316 Y13.0775
G01 X10.1316 Y13.0499
G01 X10.1316 Y13.0224
G01 X10.1316 Y12.9949
G01 X10.1316 Y12.9673
G01 X10.1316 Y12.9398
G01 X10.1316 Y12.9123
G01 X10.1316 Y12.8848
G01 X10.1316 Y12.8572
G01 X10.1316 Y12.8297
G01 X10.1316 Y12.8022
G01 X10.1316 Y12.7746
G01 X10.1316 Y12.7471
G01 X10.1316 Y12.7196
G01 X10.1316 Y12.6920
G01 X10.1316 Y12.6645
G01 X10.1316 Y12.6370
G01 X10.1316 Y12.6094
G01 X10.1316 Y12.5819
G01 X10.1316 Y12.5544
G01 X10.1316 Y12.5268
G01 X10.1316 Y12.4993
G01 X10.1041 Y12.4718
G01 X10.1041 Y12.4442
G01 X10.1041 Y12.4167
G01 X10.1041 Y12.3892
G01 X10.1041 Y12.3617
G01 X10.1041 Y12.3341
G01 X10.1041 Y12.3066
G01 X10.1041 Y12.2791
G01 X10.1041 Y12.2515
G01 X10.1041 Y12.2240
G01 X10.0765 Y12.1965
G01 X10.0765 Y12.1689
G01 X10.0765 Y12.1414
G01 X10.0765 Y12.1139
G01 X10.0765 Y12.0863
G01 X10.0765 Y12.0588
G01 X10.0765 Y12.0313
G01 X10.0765 Y12.0037
G01 X10.0765 Y11.9762
G01 X10.0765 Y11.9487
G01 X10.0765 Y11.9211
G01 X10.0490 Y11.8936
G01 X10.0490 Y11.8661
G01 X10.0490 Y11.8386
G01 X10.0490 Y11.8110
G01 X10.0490 Y11.7835
G01 X10.0490 Y11.7560
G01 X10.0490 Y11.7284
G01 X10.0490 Y11.7009
G01 X10.0215 Y11.6734
G01 X10.0215 Y11.6458
G01 X10.0215 Y11.6183
G01 X10.0215 Y11.5908
G01 X10.0215 Y11.5632
G01 X10.0215 Y11.5357
G01 X9.9939 Y11.5082
G01 X9.9939 Y11.4806
G01 X9.9939 Y11.4531
G01 X9.9939 Y11.4256
G01 X9.9664 Y11.3981
G01 X9.9664 Y11.3705
G01 X9.9664 Y11.3430
G01 X9.9664 Y11.3155
G01 X9.9664 Y11.2879
G01 X9.9389 Y11.2604
G01 X9.9389 Y11.2329
G01 X9.9389 Y11.2053
G01 X9.9113 Y11.1778
G01 X9.9113 Y11.1503
G01 X9.9113 Y11.1227
G01 X9.8838 Y11.0952
G01 X9.8563 Y11.1227
G01 X9.8288 Y11.1503
G01 X9.8012 Y11.1778
G01 X9.8012 Y11.2053
G01 X9.8012 Y11.2329
G01 X9.8012 Y11.2604
G01 X9.8012 Y11.2879
G01 X9.8012 Y11.3155
G01 X9.8012 Y11.3430
G01 X9.8012 Y11.3705
G01 X9.7737 Y11.3981
G01 X9.7737 Y11.4256
G01 X9.7737 Y11.4531
G01 X9.7737 Y11.4806
G01 X9.7737 Y11.5082
G01 X9.7737 Y11.5357
G01 X9.7737 Y11.5632
G01 X9.7737 Y11.5908
G01 X9.7737 Y11.6183
G01 X9.7737 Y11.6458
G01 X9.7737 Y11.6734
G01 X9.7462 Y11.7009
G01 X9.7462 Y11.7284
G01 X9.7462 Y11.7560
G01 X9.7462 Y11.7835
G01 X9.7186 Y11.8110
G01 X9.7462 Y11.7835
G01 X9.7462 Y11.7560
G01 X9.7462 Y11.7284
G01 X9.7462 Y11.7009
G01 X9.7737 Y11.6734
G01 X9.7737 Y11.6458
G01 X9.7737 Y11.6183
G01 X9.7737 Y11.5908
G01 X9.7737 Y11.5632
G01 X9.7737 Y11.5357
G01 X9.7737 Y11.5082
G01 X9.7737 Y11.4806
G01 X9.7737 Y11.4531
G01 X9.7737 Y11.4256
G01 X9.7737 Y11.3981
G01 X9.8012 Y11.3705
G01 X9.8012 Y11.3430
G01 X9.8012 Y11.3155
G01 X9.8012 Y11.2879
G01 X9.8012 Y11.2604
G01 X9.8012 Y11.2329
G01 X9.8012 Y11.2053
G01 X9.8012 Y11.1778
G01 X9.8288 Y11.1503
G01 X9.8563 Y11.1227
G01 X9.8838 Y11.0952
G01 X9.8838 Y11.0677
G01 X9.8563 Y11.0401
G01 X9.8563 Y11.0126
G01 X9.8563 Y10.9851
G01 X9.8563 Y10.9575
G01 X9.8288 Y10.9300
G01 X9.8288 Y10.9025
G01 X9.8288 Y10.8750
G01 X9.8288 Y10.8474
G01 X9.8012 Y10.8199
G01 X9.7737 Y10.7924
G01 X9.7462 Y10.7648
G01 X9.7186 Y10.7373
G01 X9.6911 Y10.7648
G01 X9.6636 Y10.7924
G01 X9.6636 Y10.8199
G01 X9.6636 Y10.8474
G01 X9.6360 Y10.8750
G01 X9.6085 Y10.9025
G01 X9.6360 Y10.8750
G01 X9.6636 Y10.8474
G01 X9.6636 Y10.8199
G01 X9.6636 Y10.7924
G01 X9.6911 Y10.7648
G01 X9.7186 Y10.7373
G01 X9.7186 Y10.7098
G01 X9.7186 Y10.6822
G01 X9.7186 Y10.6547
G01 X9.7186 Y10.6272
G01 X9.7186 Y10.5996
G01 X9.7186 Y10.5721
G01 X9.7186 Y10.5446
G01 X9.7186 Y10.5170
G01 X9.6911 Y10.4895
G01 X9.6636 Y10.4620
G01 X9.6360 Y10.4344
G01 X9.6085 Y10.4344
G01 X9.5810 Y10.4069
G01 X9.5810 Y10.3794
G01 X9.5534 Y10.3519
G01 X9.5534 Y10.3243
G01 X9.5259 Y10.2968
G01 X9.5259 Y10.2693
G01 X9.4984 Y10.2417
G01 X9.4708 Y10.2417
G01 X9.4984 Y10.2417
G01 X9.5259 Y10.2693
G01 X9.5259 Y10.2968
G01 X9.5534 Y10.3243
G01 X9.5534 Y10.3519
G01 X9.5810 Y10.3794
G01 X9.5810 Y10.4069
G01 X9.6085 Y10.4344
G01 X9.6360 Y10.4344
G01 X9.6636 Y10.4620
G01 X9.6911 Y10.4895
G01 X9.7186 Y10.4895
G01 X9.7462 Y10.4895
G01 X9.7737 Y10.4620
G01 X9.7737 Y10.4344
G01 X9.7737 Y10.4069
G01 X9.7737 Y10.3794
G01 X9.7737 Y10.3519
G01 X9.8012 Y10.3243
G01 X9.8012 Y10.2968
G01 X9.8012 Y10.2693
G01 X9.8012 Y10.2417
G01 X9.8012 Y10.2142
G01 X9.8012 Y10.1867
G01 X9.7737 Y10.1591
G01 X9.7737 Y10.1316
G01 X9.7737 Y10.1041
G01 X9.7737 Y10.0765
G01 X9.7737 Y10.0490
G01 X9.7737 Y10.0215
G01 X9.7737 Y9.9939
G01 X9.7462 Y9.9664
G01 X9.7186 Y9.9664
G01 X9.6911 Y9.9664
G01 X9.6636 Y9.9664
G01 X9.6360 Y9.9664
G01 X9.6085 Y9.9389
G01 X9.5810 Y9.9389
G01 X9.5534 Y9.9389
G01 X9.5259 Y9.9389
G01 X9.4984 Y9.9664
G01 X9.4984 Y9.9939
G01 X9.4984 Y10.0215
G01 X9.5259 Y10.0490
G01 X9.4984 Y10.0215
G01 X9.4984 Y9.9939
G01 X9.4984 Y9.9664
G01 X9.4984 Y9.9389
G01 X9.4708 Y9.9113
G01 X9.4433 Y9.8838
G01 X9.4158 Y9.8563
G01 X9.3882 Y9.8288
G01 X9.3607 Y9.8012
G01 X9.3332 Y9.7737
G01 X9.3057 Y9.7737
G01 X9.2781 Y9.7462
G01 X9.2506 Y9.7186
G01 X9.2231 Y9.6911
G01 X9.1955 Y9.6636
G01 X9.1680 Y9.6360
G01 X9.1405 Y9.6085
G01 X9.1405 Y9.5810
G01 X9.1129 Y9.5534
G01 X9.0854 Y9.5259
G01 X9.0854 Y9.4984
G01 X9.0579 Y9.4708
G01 X9.0579 Y9.4433
G01 X9.0303 Y9.4158
G01 X9.0028 Y9.3882
G01 X8.9753 Y9.3607
G01 X8.9753 Y9.3332
G01 X8.9477 Y9.3057
G01 X8.9202 Y9.2781
G01 X8.9202 Y9.2506
G01 X8.8927 Y9.2231
G01 X8.8652 Y9.1955
G01 X8.8376 Y9.1680
G01 X8.8101 Y9.1405
G01 X8.8101 Y9.1129
G01 X8.7826 Y9.0854
G01 X8.7550 Y9.0579
G01 X8.7275 Y9.0303
G01 X8.7000 Y9.0028
G01 X8.6724 Y8.9753
G01 X8.6449 Y8.9477
G01 X8.6449 Y8.9202
G01 X8.6174 Y8.8927
G01 X8.5898 Y8.8652
G01 X8.5623 Y8.8376
G01 X8.5348 Y8.8101
G01 X8.5072 Y8.7826
G01 X8.5072 Y8.7550
G01 X8.4797 Y8.7275
G01 X8.4522 Y8.7000
G01 X8.4246 Y8.6724
G01 X8.4246 Y8.6449
G01 X8.3971 Y8.6174
G01 X8.3696 Y8.5898
G01 X8.3421 Y8.5623
G01 X8.3145 Y8.5348
G01 X8.2870 Y8.5072
G01 X8.2595 Y8.5348
G01 X8.2319 Y8.5623
G01 X8.2044 Y8.5898
G01 X8.2044 Y8.6174
G01 X8.2319 Y8.6449
G01 X8.2319 Y8.6724
G01 X8.2319 Y8.6449
G01 X8.2044 Y8.6174
G01 X8.2044 Y8.5898
G01 X8.2044 Y8.5623
G01 X8.1769 Y8.5348
G01 X8.1493 Y8.5348
G01 X8.1769 Y8.5348
G01 X8.2044 Y8.5348
G01 X8.2319 Y8.5072
G01 X8.2595 Y8.4797
G01 X8.2595 Y8.4522
G01 X8.2319 Y8.4246
G01 X8.2044 Y8.3971
G01 X8.1769 Y8.3696
G01 X8.1769 Y8.3421
G01 X8.1493 Y8.3145
G01 X8.1493 Y8.2870
G01 X8.1218 Y8.2595
G01 X8.0943 Y8.2319
G01 X8.0667 Y8.2044
G01 X8.0667 Y8.1769
G01 X8.0392 Y8.1493
G01 X8.0117 Y8.1218
G01 X7.9841 Y8.0943
G01 X7.9566 Y8.0667
G01 X7.9291 Y8.0667
G01 X7.9015 Y8.0392
G01 X7.8740 Y8.0117
G01 X7.8740 Y7.9841
G01 X7.8465 Y7.9566
G01 X7.8190 Y7.9291
G01 X7.7914 Y7.9015
G01 X7.7639 Y7.8740
G01 X7.7364 Y7.8465
G01 X7.7088 Y7.8190
G01 X7.6813 Y7.7914
G01 X7.6538 Y7.7639
G01 X7.6262 Y7.7364
G01 X7.5987 Y7.7364
G01 X7.5712 Y7.7088
G01 X7.5436 Y7.6813
G01 X7.5161 Y7.6538
G01 X7.4886 Y7.6262
G01 X7.4610 Y7.5987
G01 X7.4335 Y7.5712
G01 X7.4060 Y7.5436
G01 X7.3784 Y7.5161
G01 X7.3509 Y7.4886
G01 X7.3234 Y7.4610
G01 X7.2959 Y7.4335
G01 X7.2683 Y7.4060
G01 X7.2408 Y7.3784
G01 X7.2133 Y7.3784
G01 X7.1857 Y7.3509
G01 X7.1582 Y7.3234
G01 X7.1307 Y7.3234
G01 X7.1031 Y7.2959
G01 X7.0756 Y7.2683
G01 X7.0481 Y7.2408
G01 X7.0205 Y7.2133
G01 X6.9930 Y7.1857
G01 X6.9930 Y7.1582
G01 X6.9655 Y7.1307
G01 X6.9655 Y7.1031
G01 X6.9655 Y7.0756
G01 X6.9379 Y7.0481
G01 X6.9104 Y7.0481
G01 X6.8829 Y7.0205
G01 X6.8553 Y7.0205
G01 X6.8278 Y7.0205
G01 X6.8003 Y7.0481
G01 X6.7728 Y7.0756
G01 X6.7728 Y7.1031
G01 X6.7728 Y7.1307
G01 X6.7728 Y7.1582
G01 X6.8003 Y7.1857
G01 X6.8003 Y7.2133
G01 X6.8003 Y7.2408
G01 X6.8003 Y7.2683
G01 X6.8003 Y7.2959
G01 X6.7728 Y7.3234
G01 X6.7728 Y7.3509
G01 X6.7728 Y7.3784
G01 X6.7728 Y7.3509
G01 X6.7728 Y7.3234
G01 X6.8003 Y7.2959
G01 X6.8003 Y7.2683
G01 X6.8003 Y7.2408
G01 X6.8003 Y7.2133
G01 X6.8003 Y7.1857
G01 X6.7728 Y7.1582
G01 X6.7728 Y7.1307
G01 X6.7728 Y7.1031
G01 X6.7728 Y7.0756
G01 X6.7728 Y7.0481
G01 X6.7728 Y7.0205
G01 X6.8003 Y6.9930
G01 X6.8003 Y6.9655
G01 X6.7728 Y6.9379
G01 X6.7728 Y6.9104
G01 X6.7728 Y6.8829
G01 X6.7728 Y6.8553
G01 X6.7728 Y6.8278
G01 X6.7728 Y6.8003
G01 X6.7728 Y6.7728
G01 X6.7728 Y6.7452
G01 X6.7728 Y6.7177
G01 X6.7728 Y6.6902
G01 X6.7728 Y6.6626
G01 X6.8003 Y6.6351
G01 X6.8003 Y6.6076
G01 X6.8003 Y6.5800
G01 X6.8003 Y6.5525
G01 X6.8003 Y6.5250
G01 X6.8003 Y6.4974
G01 X6.8003 Y6.4699
G01 X6.8003 Y6.4424
G01 X6.8003 Y6.4148
G01 X6.8003 Y6.3873
G01 X6.8003 Y6.3598
G01 X6.8003 Y6.3323
G01 X6.8003 Y6.3047
G01 X6.8003 Y6.2772
G01 X6.8003 Y6.2497
G01 X6.8003 Y6.2221
G01 X6.8003 Y6.1946
G01 X6.8003 Y6.1671
G01 X6.8278 Y6.1395
G01 X6.8278 Y6.1120
G01 X6.8278 Y6.0845
G01 X6.8278 Y6.0569
G01 X6.8278 Y6.0294
G01 X6.8278 Y6.0019
G01 X6.8278 Y5.9743
G01 X6.8278 Y5.9468
G01 X6.8278 Y5.9193
G01 X6.8278 Y5.8917
G01 X6.8278 Y5.8642
G01 X6.8278 Y5.8367
G01 X6.8278 Y5.8092
G01 X6.8278 Y5.7816
G01 X6.8278 Y5.7541
G01 X6.8278 Y5.7266
G01 X6.8278 Y5.6990
G01 X6.8553 Y5.6715
G01 X6.8553 Y5.6440
G01 X6.8553 Y5.6164
G01 X6.8553 Y5.5889
G01 X6.8553 Y5.5614
G01 X6.8553 Y5.5338
G01 X6.8553 Y5.5063
G01 X6.8553 Y5.4788
G01 X6.8553 Y5.4512
G01 X6.8553 Y5.4237
G01 X6.8553 Y5.3962
G01 X6.8553 Y5.3686
G01 X6.8553 Y5.3411
G01 X6.8553 Y5.3136
G01 X6.8553 Y5.2861
G01 X6.8553 Y5.2585
G01 X6.8829 Y5.2310
G01 X6.8829 Y5.2035
G01 X6.8829 Y5.1759
G01 X6.8829 Y5.1484
G01 X6.8829 Y5.1209
G01 X6.8829 Y5.0933
G01 X6.8829 Y5.0658
G01 X6.8829 Y5.0383
G01 X6.9104 Y5.0107
G01 X6.9104 Y4.9832
G01 X6.9104 Y4.9557
G01 X6.9104 Y4.9281
G01 X6.9104 Y4.9006
G01 X6.9104 Y4.8731
G01 X6.9104 Y4.8455
G01 X6.9379 Y4.8180
G01 X6.9379 Y4.7905
G01 X6.9379 Y4.7630
G01 X6.9379 Y4.7354
G01 X6.9379 Y4.7079
G01 X6.9379 Y4.6804
G01 X6.9379 Y4.6528
G01 X6.9379 Y4.6253
G01 X6.9655 Y4.5978
G01 X6.9655 Y4.5702
G01 X6.9655 Y4.5427
G01 X6.9655 Y4.5152
G01 X6.9379 Y4.4876
G01 X6.9379 Y4.4601
G01 X6.9379 Y4.4326
G01 X6.9379 Y4.4050
G01 X6.9379 Y4.3775
G01 X6.9655 Y4.3500
G01 X6.9930 Y4.3224
G01 X6.9930 Y4.2949
G01 X6.9930 Y4.2674
G01 X6.9930 Y4.2399
G01 X7.0205 Y4.2123
G01 X7.0205 Y4.1848
G01 X7.0205 Y4.1573
G01 X7.0205 Y4.1297
G01 X7.0205 Y4.1022
G01 X7.0205 Y4.0747
G01 X7.0205 Y4.0471
G01 X7.0481 Y4.0196
G01 X7.0481 Y3.9921
G01 X7.0481 Y3.9645
G01 X7.0481 Y3.9370
G01 X7.0481 Y3.9095
G01 X7.0481 Y3.8819
G01 X7.0481 Y3.8544
G01 X7.0481 Y3.8269
G01 X7.0756 Y3.7994
G01 X7.0756 Y3.7718
G01 X7.0756 Y3.7443
G01 X7.0756 Y3.7168
G01 X7.0756 Y3.6892
G01 X7.0481 Y3.6617
G01 X7.0481 Y3.6342
G01 X7.0481 Y3.6066
G01 X7.0481 Y3.5791
G01 X7.0481 Y3.5516
G01 X7.0481 Y3.5240
G01 X7.0481 Y3.4965
G01 X7.0481 Y3.4690
G01 X7.0481 Y3.4414
G01 X7.0756 Y3.4139
G01 X7.0756 Y3.3864
G01 X7.0756 Y3.3588
G01 X7.0756 Y3.3313
G01 X7.0756 Y3.3038
G01 X7.0756 Y3.2763
G01 X7.0756 Y3.2487
G01 X7.0756 Y3.2212
G01 X7.0756 Y3.1937
G01 X7.0756 Y3.1661
G01 X7.0756 Y3.1386
G01 X7.0756 Y3.1111
G01 X7.0756 Y3.0835
G01 X7.0756 Y3.0560
G01 X7.0756 Y3.0285
G01 X7.0756 Y3.0009
G01 X7.0756 Y2.9734
G01 X7.1031 Y2.9459
G01 X7.1031 Y2.9183
G01 X7.1031 Y2.8908
G01 X7.1031 Y2.8633
G01 X7.1031 Y2.8357
G01 X7.1031 Y2.8082
G01 X7.1307 Y2.7807
G01 X7.1307 Y2.7532
G01 X7.1307 Y2.7256
G01 X7.1307 Y2.6981
G01 X7.1307 Y2.6706
G01 X7.1307 Y2.6430
G01 X7.1307 Y2.6155
G01 X7.1307 Y2.5880
G01 X7.1307 Y2.5604
G01 X7.1307 Y2.5329
G01 X7.1307 Y2.5054
G01 X7.1307 Y2.4778
G01 X7.1307 Y2.4503
G01 X7.1307 Y2.4228
G01 X7.1307 Y2.3952
G01 X7.1582 Y2.3677
G01 X7.1582 Y2.3402
G01 X7.1857 Y2.3126
G01 X7.2133 Y2.3126
G01 X7.2408 Y2.3126
G01 X7.2683 Y2.3126
G01 X7.2959 Y2.3402
G01 X7.3234 Y2.3402
G01 X7.3509 Y2.3402
G01 X7.3784 Y2.3402
G01 X7.4060 Y2.3677
G01 X7.4335 Y2.3677
G01 X7.4610 Y2.3677
G01 X7.4886 Y2.3952
G01 X7.5161 Y2.3952
G01 X7.5436 Y2.4228
G01 X7.5712 Y2.4503
G01 X7.5712 Y2.4778
G01 X7.5712 Y2.5054
G01 X7.5712 Y2.5329
G01 X7.5712 Y2.5604
G01 X7.5987 Y2.5880
G01 X7.5987 Y2.6155
G01 X7.5987 Y2.6430
G01 X7.5987 Y2.6706
G01 X7.5987 Y2.6981
G01 X7.5987 Y2.7256
G01 X7.5987 Y2.7532
G01 X7.5712 Y2.7807
G01 X7.5712 Y2.8082
G01 X7.5712 Y2.8357
G01 X7.5712 Y2.8633
G01 X7.5712 Y2.8908
G01 X7.5712 Y2.9183
G01 X7.5712 Y2.9459
G01 X7.5436 Y2.9734
G01 X7.5436 Y3.0009
G01 X7.5436 Y3.0285
G01 X7.5436 Y3.0560
G01 X7.5436 Y3.0835
G01 X7.5436 Y3.1111
G01 X7.5436 Y3.1386
G01 X7.5436 Y3.1661
G01 X7.5436 Y3.1937
G01 X7.5436 Y3.2212
G01 X7.5436 Y3.2487
G01 X7.5436 Y3.2763
G01 X7.5436 Y3.3038
G01 X7.5161 Y3.3313
G01 X7.5161 Y3.3588
G01 X7.5161 Y3.3864
G01 X7.5161 Y3.4139
G01 X7.5161 Y3.4414
G01 X7.4886 Y3.4690
G01 X7.4886 Y3.4965
G01 X7.4886 Y3.5240
G01 X7.5161 Y3.5516
G01 X7.5436 Y3.5791
G01 X7.5436 Y3.6066
G01 X7.5436 Y3.6342
G01 X7.5436 Y3.6617
G01 X7.5436 Y3.6892
G01 X7.5161 Y3.7168
G01 X7.4886 Y3.7443
G01 X7.5161 Y3.7718
G01 X7.5161 Y3.7994
G01 X7.5161 Y3.8269
G01 X7.5161 Y3.8544
G01 X7.5161 Y3.8819
G01 X7.4886 Y3.9095
G01 X7.4886 Y3.9370
G01 X7.4886 Y3.9645
G01 X7.4886 Y3.9921
G01 X7.4886 Y4.0196
G01 X7.4886 Y4.0471
G01 X7.4886 Y4.0747
G01 X7.4610 Y4.1022
G01 X7.4610 Y4.1297
G01 X7.4610 Y4.1573
G01 X7.4610 Y4.1848
G01 X7.4335 Y4.2123
G01 X7.4335 Y4.2399
G01 X7.4335 Y4.2674
G01 X7.4335 Y4.2949
G01 X7.4060 Y4.3224
G01 X7.4060 Y4.3500
G01 X7.4060 Y4.3775
G01 X7.4060 Y4.4050
G01 X7.3784 Y4.4326
G01 X7.3784 Y4.4601
G01 X7.3784 Y4.4876
G01 X7.3784 Y4.5152
G01 X7.3784 Y4.5427
G01 X7.3784 Y4.5702
G01 X7.3509 Y4.5978
G01 X7.3509 Y4.6253
G01 X7.3234 Y4.6528
G01 X7.3234 Y4.6804
G01 X7.3234 Y4.7079
G01 X7.2959 Y4.7354
G01 X7.2683 Y4.7630
G01 X7.2683 Y4.7905
G01 X7.2683 Y4.8180
G01 X7.2959 Y4.8455
G01 X7.2959 Y4.8731
G01 X7.2959 Y4.9006
G01 X7.2959 Y4.9281
G01 X7.2959 Y4.9557
G01 X7.2959 Y4.9832
G01 X7.2959 Y5.0107
G01 X7.2959 Y5.0383
G01 X7.2959 Y5.0658
G01 X7.2683 Y5.0933
G01 X7.2683 Y5.1209
G01 X7.2683 Y5.1484
G01 X7.2683 Y5.1759
G01 X7.2683 Y5.2035
G01 X7.2683 Y5.2310
G01 X7.2683 Y5.2585
G01 X7.2408 Y5.2861
G01 X7.2408 Y5.3136
G01 X7.2408 Y5.3411
G01 X7.2408 Y5.3686
G01 X7.2408 Y5.3962
G01 X7.2408 Y5.4237
G01 X7.2133 Y5.4512
G01 X7.2133 Y5.4788
G01 X7.2133 Y5.5063
G01 X7.2133 Y5.5338
G01 X7.2133 Y5.5614
G01 X7.2133 Y5.5889
G01 X7.1857 Y5.6164
G01 X7.1582 Y5.6164
G01 X7.1307 Y5.6440
G01 X7.1307 Y5.6715
G01 X7.1307 Y5.6990
G01 X7.1307 Y5.7266
G01 X7.1307 Y5.7541
G01 X7.1031 Y5.7816
G01 X7.1031 Y5.8092
G01 X7.1031 Y5.8367
G01 X7.1031 Y5.8642
G01 X7.1031 Y5.8917
G01 X7.1031 Y5.9193
G01 X7.1031 Y5.9468
G01 X7.1031 Y5.9743
G01 X7.1031 Y6.0019
G01 X7.0756 Y6.0294
G01 X7.0756 Y6.0569
G01 X7.0756 Y6.0845
G01 X7.0756 Y6.1120
G01 X7.0756 Y6.1395
G01 X7.0756 Y6.1671
G01 X7.0756 Y6.1946
G01 X7.0756 Y6.2221
G01 X7.0756 Y6.2497
G01 X7.0756 Y6.2772
G01 X7.0481 Y6.3047
G01 X7.0481 Y6.3323
G01 X7.0481 Y6.3598
G01 X7.0481 Y6.3873
G01 X7.0481 Y6.4148
G01 X7.0481 Y6.4424
G01 X7.0481 Y6.4699
G01 X7.0481 Y6.4974
G01 X7.0481 Y6.5250
G01 X7.0205 Y6.5525
G01 X7.0205 Y6.5800
G01 X7.0205 Y6.6076
G01 X7.0205 Y6.6351
G01 X7.0205 Y6.6626
G01 X7.0205 Y6.6902
G01 X7.0205 Y6.7177
G01 X6.9930 Y6.7452
G01 X6.9930 Y6.7728
G01 X6.9930 Y6.8003
G01 X6.9930 Y6.8278
G01 X6.9930 Y6.8553
G01 X6.9930 Y6.8829
G01 X6.9930 Y6.9104
G01 X6.9655 Y6.9379
G01 X6.9655 Y6.9655
G01 X6.9655 Y6.9930
G01 X6.9655 Y7.0205
G01 X6.9655 Y7.0481
G01 X6.9655 Y7.0756
G01 X6.9655 Y7.1031
G01 X6.9655 Y7.1307
G01 X6.9930 Y7.1582
G01 X6.9930 Y7.1857
G01 X7.0205 Y7.2133
G01 X7.0481 Y7.2408
G01 X7.0756 Y7.2683
G01 X7.1031 Y7.2959
G01 X7.1307 Y7.3234
G01 X7.1582 Y7.3234
G01 X7.1857 Y7.3509
G01 X7.2133 Y7.3784
G01 X7.2408 Y7.3784
G01 X7.2683 Y7.4060
G01 X7.2959 Y7.4335
G01 X7.3234 Y7.4610
G01 X7.3509 Y7.4886
G01 X7.3784 Y7.5161
G01 X7.4060 Y7.5436
G01 X7.4335 Y7.5712
G01 X7.4610 Y7.5987
G01 X7.4886 Y7.6262
G01 X7.5161 Y7.6538
G01 X7.5436 Y7.6813
G01 X7.5712 Y7.7088
G01 X7.5987 Y7.7364
G01 X7.6262 Y7.7364
G01 X7.6538 Y7.7639
G01 X7.6813 Y7.7914
G01 X7.7088 Y7.8190
G01 X7.7364 Y7.8465
G01 X7.7639 Y7.8740
G01 X7.7914 Y7.9015
G01 X7.8190 Y7.9291
G01 X7.8465 Y7.9566
G01 X7.8740 Y7.9841
G01 X7.8740 Y8.0117
G01 X7.9015 Y8.0392
G01 X7.9291 Y8.0667
G01 X7.9566 Y8.0667
G01 X7.9841 Y8.0943
G01 X8.0117 Y8.1218
G01 X8.0392 Y8.1493
G01 X8.0667 Y8.1769
G01 X8.0667 Y8.2044
G01 X8.0943 Y8.2319
G01 X8.1218 Y8.2595
G01 X8.1493 Y8.2870
G01 X8.1493 Y8.3145
G01 X8.1769 Y8.3421
G01 X8.1769 Y8.3696
G01 X8.2044 Y8.3971
G01 X8.2319 Y8.4246
G01 X8.2595 Y8.4522
G01 X8.2595 Y8.4797
G01 X8.2870 Y8.5072
G01 X8.3145 Y8.5348
G01 X8.3421 Y8.5623
G01 X8.3696 Y8.5898
G01 X8.3971 Y8.6174
G01 X8.4246 Y8.6449
G01 X8.4246 Y8.6724
G01 X8.4522 Y8.7000
G01 X8.4797 Y8.7275
G01 X8.5072 Y8.7550
G01 X8.5072 Y8.7826
G01 X8.5348 Y8.8101
G01 X8.5623 Y8.8376
G01 X8.5898 Y8.8652
G01 X8.6174 Y8.8927
G01 X8.6449 Y8.9202
G01 X8.6449 Y8.9477
G01 X8.6724 Y8.9753
G01 X8.7000 Y9.0028
G01 X8.7275 Y9.0303
G01 X8.7550 Y9.0579
G01 X8.7826 Y9.0854
G01 X8.8101 Y9.1129
G01 X8.8101 Y9.1405
G01 X8.8376 Y9.1680
G01 X8.8652 Y9.1955
G01 X8.8927 Y9.2231
G01 X8.9202 Y9.2506
G01 X8.9202 Y9.2781
G01 X8.9477 Y9.3057
G01 X8.9753 Y9.3332
G01 X8.9753 Y9.3607
G01 X9.0028 Y9.3882
G01 X9.0303 Y9.4158
G01 X9.0579 Y9.4433
G01 X9.0579 Y9.4708
G01 X9.0854 Y9.4984
G01 X9.0854 Y9.5259
G01 X9.1129 Y9.5534
G01 X9.1405 Y9.5810
G01 X9.1405 Y9.6085
G01 X9.1680 Y9.6360
G01 X9.1955 Y9.6636
G01 X9.2231 Y9.6911
G01 X9.2506 Y9.7186
G01 X9.2781 Y9.7462
G01 X9.3057 Y9.7737
G01 X9.3332 Y9.7737
G01 X9.3607 Y9.8012
G01 X9.3882 Y9.8288
G01 X9.4158 Y9.8563
G01 X9.4433 Y9.8838
G01 X9.4708 Y9.9113
G01 X9.4984 Y9.9389
G01 X9.5259 Y9.9389
G01 X9.5534 Y9.9389
G01 X9.5810 Y9.9113
G01 X9.5810 Y9.8838
G01 X9.5810 Y9.8563
G01 X9.5810 Y9.8288
G01 X9.5810 Y9.8012
G01 X9.5810 Y9.7737
G01 X9.5810 Y9.7462
G01 X9.5810 Y9.7186
G01 X9.5810 Y9.6911
G01 X9.5810 Y9.6636
G01 X9.5810 Y9.6360
G01 X9.5810 Y9.6085
G01 X9.5810 Y9.5810
G01 X9.5810 Y9.5534
G01 X9.5810 Y9.5259
G01 X9.5810 Y9.4984
G01 X9.5810 Y9.4708
G01 X9.5810 Y9.4433
G01 X9.5810 Y9.4158
G01 X9.5810 Y9.3882
G01 X9.5810 Y9.3607
G01 X9.6085 Y9.3332
G01 X9.6085 Y9.3057
G01 X9.6085 Y9.2781
G01 X9.6085 Y9.2506
G01 X9.6085 Y9.2231
G01 X9.6085 Y9.1955
G01 X9.6085 Y9.1680
G01 X9.6085 Y9.1405
G01 X9.6085 Y9.1129
G01 X9.6085 Y9.0854
G01 X9.6085 Y9.0579
G01 X9.6085 Y9.0303
G01 X9.6085 Y9.0028
G01 X9.6085 Y8.9753
G01 X9.6085 Y8.9477
G01 X9.6085 Y8.9202
G01 X9.6085 Y8.8927
G01 X9.6085 Y8.8652
G01 X9.6085 Y8.8376
G01 X9.6085 Y8.8101
G01 X9.6085 Y8.7826
G01 X9.6085 Y8.7550
G01 X9.6085 Y8.7275
G01 X9.6085 Y8.7000
G01 X9.6085 Y8.6724
G01 X9.6085 Y8.6449
G01 X9.6360 Y8.6174
G01 X9.6360 Y8.5898
G01 X9.6360 Y8.5623
G01 X9.6360 Y8.5348
G01 X9.6360 Y8.5072
G01 X9.6360 Y8.4797
G01 X9.6360 Y8.4522
G01 X9.6360 Y8.4246
G01 X9.6360 Y8.3971
G01 X9.6360 Y8.3696
G01 X9.6360 Y8.3421
G01 X9.6360 Y8.3145
G01 X9.6360 Y8.2870
G01 X9.6360 Y8.2595
G01 X9.6085 Y8.2319
G01 X9.6085 Y8.2044
G01 X9.6085 Y8.1769
G01 X9.6085 Y8.1493
G01 X9.6085 Y8.1218
G01 X9.6085 Y8.0943
G01 X9.6360 Y8.0667
G01 X9.6360 Y8.0392
G01 X9.6360 Y8.0117
G01 X9.6360 Y7.9841
G01 X9.6360 Y7.9566
G01 X9.6360 Y7.9291
G01 X9.6360 Y7.9015
G01 X9.6360 Y7.8740
G01 X9.6360 Y7.8465
G01 X9.6360 Y7.8190
G01 X9.6360 Y7.7914
G01 X9.6360 Y7.7639
G01 X9.6636 Y7.7364
G01 X9.6636 Y7.7088
G01 X9.6636 Y7.6813
G01 X9.6636 Y7.6538
G01 X9.6636 Y7.6262
G01 X9.6636 Y7.5987
G01 X9.6636 Y7.5712
G01 X9.6636 Y7.5436
G01 X9.6636 Y7.5161
G01 X9.6636 Y7.4886
G01 X9.6636 Y7.4610
G01 X9.6636 Y7.4335
G01 X9.6911 Y7.4060
G01 X9.6911 Y7.3784
G01 X9.6911 Y7.3509
G01 X9.6911 Y7.3234
G01 X9.6911 Y7.2959
G01 X9.6911 Y7.2683
G01 X9.6911 Y7.2408
G01 X9.6911 Y7.2133
G01 X9.6911 Y7.1857
G01 X9.6911 Y7.1582
G01 X9.6911 Y7.1307
G01 X9.6911 Y7.1031
G01 X9.7186 Y7.0756
G01 X9.7186 Y7.0481
G01 X9.7186 Y7.0205
G01 X9.7186 Y6.9930
G01 X9.7186 Y6.9655
G01 X9.7186 Y6.9379
G01 X9.7186 Y6.9104
G01 X9.7186 Y6.8829
G01 X9.7186 Y6.8553
G01 X9.7186 Y6.8278
G01 X9.7462 Y6.8003
G01 X9.7462 Y6.7728
G01 X9.7462 Y6.7452
G01 X9.7462 Y6.7177
G01 X9.7462 Y6.6902
G01 X9.7462 Y6.6626
G01 X9.7462 Y6.6351
G01 X9.7462 Y6.6076
G01 X9.7462 Y6.5800
G01 X9.7462 Y6.5525
G01 X9.7462 Y6.5250
G01 X9.7462 Y6.4974
G01 X9.7462 Y6.4699
G01 X9.7462 Y6.4424
G01 X9.7737 Y6.4148
G01 X9.7737 Y6.3873
G01 X9.7737 Y6.3598
G01 X9.7737 Y6.3323
G01 X9.7737 Y6.3047
G01 X9.7737 Y6.2772
G01 X9.7737 Y6.2497
G01 X9.7737 Y6.2221
G01 X9.7737 Y6.1946
G01 X9.7737 Y6.1671
G01 X9.7737 Y6.1395
G01 X9.7737 Y6.1120
G01 X9.8012 Y6.0845
G01 X9.8012 Y6.0569
G01 X9.8012 Y6.0294
G01 X9.8012 Y6.0019
G01 X9.8012 Y5.9743
G01 X9.8012 Y5.9468
G01 X9.8012 Y5.9193
G01 X9.8012 Y5.8917
G01 X9.8012 Y5.8642
G01 X9.8012 Y5.8367
G01 X9.8012 Y5.8092
G01 X9.8012 Y5.7816
G01 X9.8012 Y5.7541
G01 X9.8012 Y5.7266
G01 X9.8012 Y5.6990
G01 X9.7737 Y5.6715
G01 X9.7737 Y5.6440
G01 X9.7737 Y5.6164
G01 X9.7737 Y5.5889
G01 X9.7737 Y5.5614
G01 X9.7737 Y5.5338
G01 X9.7737 Y5.5063
G01 X9.8012 Y5.4788
G01 X9.8288 Y5.4512
G01 X9.8563 Y5.4512
G01 X9.8838 Y5.4512
G01 X9.9113 Y5.4788
G01 X9.8838 Y5.4512
G01 X9.8563 Y5.4512
G01 X9.8288 Y5.4512
G01 X9.8012 Y5.4788
G01 X9.7737 Y5.5063
G01 X9.7737 Y5.5338
G01 X9.7737 Y5.5614
G01 X9.7737 Y5.5889
G01 X9.8012 Y5.6164
G01 X9.8288 Y5.6164
G01 X9.8563 Y5.6164
G01 X9.8838 Y5.6164
G01 X9.9113 Y5.6164
G01 X9.9389 Y5.6164
G01 X9.9664 Y5.6164
G01 X9.9939 Y5.6164
G01 X10.0215 Y5.6164
G01 X10.0490 Y5.6164
G01 X10.0765 Y5.6440
G01 X10.1041 Y5.6715
G01 X10.1316 Y5.6990
G01 X10.1591 Y5.7266
G01 X10.1591 Y5.7541
G01 X10.1591 Y5.7816
G01 X10.1591 Y5.8092
G01 X10.1591 Y5.8367
G01 X10.1591 Y5.8642
G01 X10.1591 Y5.8917
G01 X10.1591 Y5.9193
G01 X10.1591 Y5.9468
G01 X10.1591 Y5.9743
G01 X10.1591 Y6.0019
G01 X10.1591 Y6.0294
G01 X10.1591 Y6.0569
G01 X10.1591 Y6.0845
G01 X10.1867 Y6.1120
G01 X10.1867 Y6.1395
G01 X10.1867 Y6.1671
G01 X10.1867 Y6.1946
G01 X10.1867 Y6.2221
G01 X10.1867 Y6.2497
G01 X10.1867 Y6.2772
G01 X10.1591 Y6.3047
G01 X10.1591 Y6.3323
G01 X10.1591 Y6.3598
G01 X10.1591 Y6.3873
G01 X10.1591 Y6.4148
G01 X10.1591 Y6.4424
G01 X10.1591 Y6.4699
G01 X10.1591 Y6.4974
G01 X10.1591 Y6.5250
G01 X10.1316 Y6.5525
G01 X10.1316 Y6.5800
G01 X10.1316 Y6.6076
G01 X10.1316 Y6.6351
G01 X10.1316 Y6.6626
G01 X10.1316 Y6.6902
G01 X10.1316 Y6.7177
G01 X10.1041 Y6.7452
G01 X10.1041 Y6.7728
G01 X10.1041 Y6.8003
G01 X10.1041 Y6.8278
G01 X10.1041 Y6.8553
G01 X10.1041 Y6.8829
G01 X10.1041 Y6.9104
G01 X10.1041 Y6.9379
G01 X10.0765 Y6.9655
G01 X10.0765 Y6.9930
G01 X10.0765 Y7.0205
G01 X10.0765 Y7.0481
G01 X10.0765 Y7.0756
G01 X10.0765 Y7.1031
G01 X10.0765 Y7.1307
G01 X10.0765 Y7.1582
G01 X10.0490 Y7.1857
G01 X10.0490 Y7.2133
G01 X10.0490 Y7.2408
G01 X10.0490 Y7.2683
G01 X10.0490 Y7.2959
G01 X10.0490 Y7.3234
G01 X10.0490 Y7.3509
G01 X10.0490 Y7.3784
G01 X10.0490 Y7.4060
G01 X10.0490 Y7.4335
G01 X10.0490 Y7.4610
G01 X10.0490 Y7.4886
G01 X10.0490 Y7.5161
G01 X10.0490 Y7.5436
G01 X10.0490 Y7.5712
G01 X10.0490 Y7.5987
G01 X10.0490 Y7.6262
G01 X10.0490 Y7.6538
G01 X10.0490 Y7.6813
G01 X10.0215 Y7.7088
G01 X10.0215 Y7.7364
G01 X10.0215 Y7.7639
G01 X10.0215 Y7.7914
G01 X10.0215 Y7.8190
G01 X10.0215 Y7.8465
G01 X10.0215 Y7.8740
G01 X10.0215 Y7.9015
G01 X10.0215 Y7.9291
G01 X10.0215 Y7.9566
G01 X10.0215 Y7.9841
G01 X10.0215 Y8.0117
G01 X10.0215 Y8.0392
G01 X10.0215 Y8.0667
G01 X9.9939 Y8.0943
G01 X9.9939 Y8.1218
G01 X9.9939 Y8.1493
G01 X9.9939 Y8.1769
G01 X9.9939 Y8.2044
G01 X9.9939 Y8.2319
G01 X9.9939 Y8.2595
G01 X9.9664 Y8.2870
G01 X9.9389 Y8.2870
G01 X9.9113 Y8.3145
G01 X9.9113 Y8.3421
G01 X9.9113 Y8.3696
G01 X9.9113 Y8.3971
G01 X9.9113 Y8.4246
G01 X9.9113 Y8.4522
G01 X9.9113 Y8.4797
G01 X9.9113 Y8.5072
G01 X9.9113 Y8.5348
G01 X9.9113 Y8.5623
G01 X9.9113 Y8.5898
G01 X9.8838 Y8.6174
G01 X9.8838 Y8.6449
G01 X9.8838 Y8.6724
G01 X9.8838 Y8.7000
G01 X9.8838 Y8.7275
G01 X9.8838 Y8.7550
G01 X9.8838 Y8.7826
G01 X9.8563 Y8.8101
G01 X9.8563 Y8.8376
G01 X9.8563 Y8.8652
G01 X9.8563 Y8.8927
G01 X9.8563 Y8.9202
G01 X9.8563 Y8.9477
G01 X9.8563 Y8.9753
G01 X9.8563 Y9.0028
G01 X9.8563 Y9.0303
G01 X9.8288 Y9.0579
G01 X9.8288 Y9.0854
G01 X9.8288 Y9.1129
G01 X9.8288 Y9.1405
G01 X9.8288 Y9.1680
G01 X9.8288 Y9.1955
G01 X9.8288 Y9.2231
G01 X9.8288 Y9.2506
G01 X9.8288 Y9.2781
G01 X9.8288 Y9.3057
G01 X9.8288 Y9.3332
G01 X9.8288 Y9.3607
G01 X9.8288 Y9.3882
G01 X9.8288 Y9.4158
G01 X9.8288 Y9.4433
G01 X9.8288 Y9.4708
G01 X9.8012 Y9.4984
G01 X9.8012 Y9.5259
G01 X9.8012 Y9.5534
G01 X9.8012 Y9.5810
G01 X9.8012 Y9.6085
G01 X9.8012 Y9.6360
G01 X9.8012 Y9.6636
G01 X9.8012 Y9.6911
G01 X9.8012 Y9.7186
G01 X9.8012 Y9.7462
G01 X9.8012 Y9.7737
G01 X9.7737 Y9.8012
G01 X9.7737 Y9.8288
G01 X9.7737 Y9.8563
G01 X9.7737 Y9.8838
G01 X9.7737 Y9.9113
G01 X9.7737 Y9.9389
G01 X9.7737 Y9.9664
G01 X9.7737 Y9.9939
G01 X9.7737 Y10.0215
G01 X9.7737 Y10.0490
G01 X9.7737 Y10.0765
G01 X9.7737 Y10.1041
G01 X9.7737 Y10.1316
G01 X9.7737 Y10.1591
G01 X9.8012 Y10.1867
G01 X9.8012 Y10.2142
G01 X9.8012 Y10.2417
G01 X9.8012 Y10.2693
G01 X9.8012 Y10.2968
G01 X9.8012 Y10.3243
G01 X9.7737 Y10.3519
G01 X9.7737 Y10.3794
G01 X9.7737 Y10.4069
G01 X9.7737 Y10.4344
G01 X9.7737 Y10.4620
G01 X9.7462 Y10.4895
G01 X9.7186 Y10.5170
G01 X9.7186 Y10.5446
G01 X9.7186 Y10.5721
G01 X9.7186 Y10.5996
G01 X9.7186 Y10.6272
G01 X9.7186 Y10.6547
G01 X9.7186 Y10.6822
G01 X9.7186 Y10.7098
G01 X9.7186 Y10.7373
G01 X9.7462 Y10.7648
G01 X9.7737 Y10.7924
G01 X9.8012 Y10.8199
G01 X9.8288 Y10.8474
G01 X9.8288 Y10.8750
G01 X9.8288 Y10.9025
G01 X9.8288 Y10.9300
G01 X9.8563 Y10.9575
G01 X9.8563 Y10.9851
G01 X9.8563 Y11.0126
G01 X9.8563 Y11.0401
G01 X9.8838 Y11.0677
G01 X9.8838 Y11.0952
G01 X9.9113 Y11.1227
G01 X9.9113 Y11.1503
G01 X9.9113 Y11.1778
G01 X9.9389 Y11.2053
G01 X9.9389 Y11.2329
G01 X9.9389 Y11.2604
G01 X9.9664 Y11.2879
G01 X9.9664 Y11.3155
G01 X9.9664 Y11.3430
G01 X9.9664 Y11.3705
G01 X9.9664 Y11.3981
G01 X9.9939 Y11.4256
G01 X9.9939 Y11.4531
G01 X9.9939 Y11.4806
G01 X9.9939 Y11.5082
G01 X10.0215 Y11.5357
G01 X10.0215 Y11.5632
G01 X10.0215 Y11.5908
G01 X10.0215 Y11.6183
G01 X10.0215 Y11.6458
G01 X10.0215 Y11.6734
G01 X10.0490 Y11.7009
G01 X10.0490 Y11.7284
G01 X10.0490 Y11.7560
G01 X10.0490 Y11.7835
G01 X10.0490 Y11.8110
G01 X10.0490 Y11.8386
G01 X10.0490 Y11.8661
G01 X10.0490 Y11.8936
G01 X10.0765 Y11.9211
G01 X10.0765 Y11.9487
G01 X10.0765 Y11.9762
G01 X10.0765 Y12.0037
G01 X10.0765 Y12.0313
G01 X10.0765 Y12.0588
G01 X10.0765 Y12.0863
G01 X10.0765 Y12.1139
G01 X10.0765 Y12.1414
G01 X10.0765 Y12.1689
G01 X10.0765 Y12.1965
G01 X10.1041 Y12.2240
G01 X10.1041 Y12.2515
G01 X10.1041 Y12.2791
G01 X10.1041 Y12.3066
G01 X10.1041 Y12.3341
G01 X10.1041 Y12.3617
G01 X10.1041 Y12.3892
G01 X10.1041 Y12.4167
G01 X10.1041 Y12.4442
G01 X10.1041 Y12.4718
G01 X10.1316 Y12.4993
G01 X10.1316 Y12.5268
G01 X10.1316 Y12.5544
G01 X10.1316 Y12.5819
G01 X10.1316 Y12.6094
G01 X10.1316 Y12.6370
G01 X10.1316 Y12.6645
G01 X10.1316 Y12.6920
G01 X10.1316 Y12.7196
G01 X10.1316 Y12.7471
G01 X10.1316 Y12.7746
G01 X10.1316 Y12.8022
G01 X10.1316 Y12.8297
G01 X10.1316 Y12.8572
G01 X10.1316 Y12.8848
G01 X10.1316 Y12.9123
G01 X10.1316 Y12.9398
G01 X10.1316 Y12.9673
G01 X10.1316 Y12.9949
G01 X10.1316 Y13.0224
G01 X10.1316 Y13.0499
G01 X10.1316 Y13.0775
G01 X10.1316 Y13.1050
G01 X10.1316 Y13.1325
G01 X10.1316 Y13.1601
G01 X10.1316 Y13.1876
G01 X10.1316 Y13.2151
G01 X10.1316 Y13.2427
G01 X10.1316 Y13.2702
G01 X10.1316 Y13.2977
G01 X10.1316 Y13.3253
G01 X10.1316 Y13.3528
G01 X10.1316 Y13.3803
G01 X10.1316 Y13.4079
G01 X10.1316 Y13.4354
G01 X10.1316 Y13.4629
G01 X10.1316 Y13.4904
G01 X10.1041 Y13.5180
G01 X10.1041 Y13.5455
G01 X10.1041 Y13.5730
G01 X10.1041 Y13.6006
G01 X10.1041 Y13.6281
G01 X10.1041 Y13.6556
G01 X10.1041 Y13.6832
G01 X10.1041 Y13.7107
G01 X10.1041 Y13.7382
G01 X10.1041 Y13.7658
G01 X10.1041 Y13.7933
G01 X10.1041 Y13.8208
G01 X10.1041 Y13.8484
G01 X10.1041 Y13.8759
G01 X10.1041 Y13.9034
G01 X10.1041 Y13.9310
G01 X10.1041 Y13.9585
G01 X10.1041 Y13.9860
G01 X10.1041 Y14.0135
G01 X10.1041 Y14.0411
G01 X10.1041 Y14.0686
G01 X10.1041 Y14.0961
G01 X10.1041 Y14.1237
G01 X10.1041 Y14.1512
G01 X10.1041 Y14.1787
G01 X10.1041 Y14.2063
G01 X10.1041 Y14.2338
G01 X10.1041 Y14.2613
G01 X10.1041 Y14.2889
G01 X10.1041 Y14.3164
G01 X10.1041 Y14.3439
G01 X10.1041 Y14.3715
G01 X10.1041 Y14.3990
G01 X10.1041 Y14.4265
G01 X10.1041 Y14.4540
G01 X10.1041 Y14.4816
G01 X10.1041 Y14.5091
G01 X10.1041 Y14.5366
G01 X10.1041 Y14.5642
G01 X10.1041 Y14.5917
G01 X10.1316 Y14.6192
G01 X10.1316 Y14.6468
G01 X10.1316 Y14.6743
G01 X10.1316 Y14.7018
G01 X10.1316 Y14.7294
G01 X10.1316 Y14.7569
G01 X10.1316 Y14.7844
G01 X10.1316 Y14.8120
G01 X10.1316 Y14.8395
G01 X10.1316 Y14.8670
G01 X10.1316 Y14.8946
G01 X10.1316 Y14.9221
G01 X10.1316 Y14.9496
G01 X10.1316 Y14.9771
G01 X10.1316 Y15.0047
G01 X10.1316 Y15.0322
G01 X10.1316 Y15.0597
G01 X10.1316 Y15.0873
G01 X10.1316 Y15.1148
G01 X10.1316 Y15.1423
G01 X10.1316 Y15.1699
G01 X10.1316 Y15.1974
G01 X10.1316 Y15.2249
G01 X10.1316 Y15.2525
G01 X10.1316 Y15.2800
G01 X10.1316 Y15.3075
G01 X10.1316 Y15.3351
G01 X10.1316 Y15.3626
G01 X10.1316 Y15.3901
G01 X10.1316 Y15.4177
G01 X10.1316 Y15.4452
G01 X10.1316 Y15.4727
G01 X10.1316 Y15.5002
G01 X10.1316 Y15.5278
G01 X10.1316 Y15.5553
G01 X10.1316 Y15.5828
G01 X10.1316 Y15.6104
G01 X10.1316 Y15.6379
G01 X10.1316 Y15.6654
G01 X10.1316 Y15.6930
G01 X10.1316 Y15.7205
G01 X10.1041 Y15.7480
G01 X10.1041 Y15.7756
G01 X10.1041 Y15.8031
G01 X10.1041 Y15.8306
G01 X10.1041 Y15.8582
G01 X10.1041 Y15.8857
G01 X10.1041 Y15.9132
G01 X10.1041 Y15.9408
G01 X10.1041 Y15.9683
G01 X10.1041 Y15.9958
G01 X10.1041 Y16.0233
G01 X10.1041 Y16.0509
G01 X10.0765 Y16.0784
G01 X10.0765 Y16.1059
G01 X10.0765 Y16.1335
G01 X10.0765 Y16.1610
G01 X10.0765 Y16.1885
G01 X10.0765 Y16.2161
G01 X10.0765 Y16.2436
G01 X10.0765 Y16.2711
G01 X10.0765 Y16.2987
G01 X10.0765 Y16.3262
G01 X10.0765 Y16.3537
G01 X10.0765 Y16.3813
G01 X10.0765 Y16.4088
G01 X10.0765 Y16.4363
G01 X10.0765 Y16.4639
G01 X10.0765 Y16.4914
G01 X10.0765 Y16.5189
G01 X10.0765 Y16.5464
G01 X10.0765 Y16.5740
G01 X10.0765 Y16.6015
G01 X10.0765 Y16.6290
G01 X10.0765 Y16.6566
G01 X10.0765 Y16.6841
G01 X10.0765 Y16.7116
G01 X10.0765 Y16.7392
G01 X10.0765 Y16.7667
G01 X10.0765 Y16.7942
G01 X10.0765 Y16.8218
G01 X10.0765 Y16.8493
G01 X10.0765 Y16.8768
G01 X10.1041 Y16.9044
G01 X10.1041 Y16.9319
G01 X10.1041 Y16.9594
G01 X10.1041 Y16.9870
G01 X10.0765 Y17.0145
G01 X10.1041 Y17.0420
G01 X10.1041 Y17.0695
G01 X10.1316 Y17.0971
G01 X10.1591 Y17.1246
G01 X10.1867 Y17.1246
G01 X10.1591 Y17.1246
G01 X10.1316 Y17.0971
G01 X10.1041 Y17.1246
G01 X10.1041 Y17.1521
G01 X10.0765 Y17.1797
G01 X10.0765 Y17.2072
G01 X10.0490 Y17.2347
G01 X10.0215 Y17.2623
G01 X9.9939 Y17.2347
G01 X9.9664 Y17.2347
G01 X9.9389 Y17.2347
G01 X9.9113 Y17.2347
G01 X9.8838 Y17.2347
G01 X9.8563 Y17.2347
G01 X9.8288 Y17.2347
G01 X9.8012 Y17.2347
G01 X9.7737 Y17.2347
G01 X9.7462 Y17.2347
G01 X9.7186 Y17.2347
G01 X9.6911 Y17.2623
G01 X9.6636 Y17.2623
G01 X9.6360 Y17.2623
G01 X9.6085 Y17.2623
G01 X9.5810 Y17.2623
G01 X9.5534 Y17.2623
G01 X9.5259 Y17.2898
G01 X9.4984 Y17.2898
G01 X9.4708 Y17.2898
G01 X9.4433 Y17.2898
G01 X9.4158 Y17.2898
G01 X9.3882 Y17.2898
G01 X9.3607 Y17.2898
G01 X9.3332 Y17.3173
G01 X9.3057 Y17.3173
G01 X9.2781 Y17.3173
G01 X9.2506 Y17.3173
G01 X9.2231 Y17.3173
G01 X9.1955 Y17.3449
G01 X9.1680 Y17.3449
G01 X9.1405 Y17.3449
G01 X9.1129 Y17.3449
G01 X9.0854 Y17.3449
G01 X9.0579 Y17.3449
G01 X9.0303 Y17.3449
G01 X9.0028 Y17.3449
G01 X8.9753 Y17.3449
G01 X8.9477 Y17.3449
G01 X8.9202 Y17.3449
G01 X8.8927 Y17.3449
G01 X8.8652 Y17.3173
G01 X8.8376 Y17.3449
G01 X8.8101 Y17.3449
G01 X8.7826 Y17.3449
G01 X8.7550 Y17.3724
G01 X8.7275 Y17.3724
G01 X8.7000 Y17.3724
G01 X8.6724 Y17.3724
G01 X8.6449 Y17.3999
G01 X8.6174 Y17.3999
G01 X8.5898 Y17.4275
G01 X8.5623 Y17.4275
G01 X8.5348 Y17.4275
G01 X8.5072 Y17.4550
G01 X8.4797 Y17.4550
G01 X8.4522 Y17.4550
G01 X8.4246 Y17.4825
G01 X8.3971 Y17.4825
G01 X8.3696 Y17.4825
G01 X8.3421 Y17.5100
G01 X8.3145 Y17.5100
G01 X8.2870 Y17.5100
G01 X8.2595 Y17.5100
G01 X8.2319 Y17.5100
G01 X8.2044 Y17.5100
G01 X8.1769 Y17.5100
G01 X8.1493 Y17.5100
G01 X8.1218 Y17.5100
G01 X8.0943 Y17.5100
G01 X8.0667 Y17.5100
G01 X8.0392 Y17.5100
G01 X8.0117 Y17.5100
G01 X7.9841 Y17.5100
G01 X7.9566 Y17.5376
G01 X7.9291 Y17.5376
G01 X7.9015 Y17.5376
G01 X7.8740 Y17.5376
G01 X7.8465 Y17.5651
G01 X7.8190 Y17.5651
G01 X7.7914 Y17.5651
G01 X7.7639 Y17.5926
G01 X7.7364 Y17.5926
G01 X7.7088 Y17.6202
G01 X7.6813 Y17.6202
G01 X7.6538 Y17.6202
G01 X7.6262 Y17.6477
G01 X7.5987 Y17.6477
G01 X7.5712 Y17.6477
G01 X7.5436 Y17.6752
G01 X7.5161 Y17.6752
G01 X7.4886 Y17.6752
G01 X7.4610 Y17.6752
G01 X7.4335 Y17.7028
G01 X7.4060 Y17.7028
G01 X7.3784 Y17.7028
G01 X7.3509 Y17.7028
G01 X7.3234 Y17.7028
G01 X7.2959 Y17.7028
G01 X7.2683 Y17.7028
G01 X7.2408 Y17.7028
G01 X7.2133 Y17.7028
G01 X7.1857 Y17.7028
G01 X7.1582 Y17.7028
G01 X7.1307 Y17.7028
G01 X7.1031 Y17.7028
G01 X7.0756 Y17.7303
G01 X7.0481 Y17.7303
G01 X7.0205 Y17.7303
G01 X6.9930 Y17.7303
G01 X6.9655 Y17.7303
G01 X6.9379 Y17.7303
G01 X6.9104 Y17.7303
G01 X6.8829 Y17.7303
G01 X6.8553 Y17.7303
G01 X6.8278 Y17.7303
G01 X6.8003 Y17.7303
G01 X6.7728 Y17.7303
G01 X6.7452 Y17.7303
G01 X6.7177 Y17.7303
G01 X6.6902 Y17.7303
G01 X6.6626 Y17.7303
G01 X6.6351 Y17.7303
G01 X6.6076 Y17.7303
G01 X6.5800 Y17.7578
G01 X6.5525 Y17.7578
G01 X6.5250 Y17.7578
G01 X6.4974 Y17.7578
G01 X6.4699 Y17.7578
G01 X6.4424 Y17.7578
G01 X6.4148 Y17.7578
G01 X6.3873 Y17.7578
G01 X6.3598 Y17.7578
G01 X6.3323 Y17.7578
G01 X6.3047 Y17.7578
G01 X6.2772 Y17.7854
G01 X6.2497 Y17.7854
G01 X6.2221 Y17.7854
G01 X6.1946 Y17.7854
G01 X6.1671 Y17.8129
G01 X6.1395 Y17.8129
G01 X6.1120 Y17.8404
G01 X6.0845 Y17.8680
G01 X6.0569 Y17.8680
G01 X6.0294 Y17.8955
G01 X6.0019 Y17.9230
G01 X5.9743 Y17.9230
G01 X5.9468 Y17.9230
G01 X5.9193 Y17.9506
G01 X5.8917 Y17.9506
G01 X5.8642 Y17.9506
G01 X5.8367 Y17.9781
G01 X5.8092 Y17.9781
M3 S30 ; PEN UP
G00 X4.9281 Y18.3085
M3 S50 ; PEN DOWN
G01 X4.9557 Y18.3085
G01 X4.9832 Y18.2809
G01 X4.9832 Y18.2534
G01 X5.0107 Y18.2259
G01 X5.0383 Y18.2259
G01 X5.0658 Y18.2259
G01 X5.0933 Y18.1983
G01 X5.1209 Y18.1983
G01 X5.1484 Y18.1983
G01 X5.1759 Y18.1708
G01 X5.2035 Y18.1708
G01 X5.2310 Y18.1433
G01 X5.2585 Y18.1433
G01 X5.2861 Y18.1157
G01 X5.3136 Y18.1157
G01 X5.3411 Y18.0882
G01 X5.3686 Y18.0882
G01 X5.3962 Y18.0882
G01 X5.4237 Y18.0607
G01 X5.4512 Y18.0331
G01 X5.4788 Y18.0056
G01 X5.5063 Y18.0056
G01 X5.5338 Y17.9781
G01 X5.5614 Y17.9506
G01 X5.5889 Y17.9781
G01 X5.6164 Y18.0056
G01 X5.6440 Y18.0331
G01 X5.6715 Y18.0331
G01 X5.6440 Y18.0331
G01 X5.6164 Y18.0056
G01 X5.5889 Y17.9781
G01 X5.6164 Y17.9506
G01 X5.6440 Y17.9230
G01 X5.6715 Y17.9230
G01 X5.6990 Y17.8955
G01 X5.6715 Y17.9230
G01 X5.6440 Y17.9230
G01 X5.6164 Y17.9506
G01 X5.5889 Y17.9506
G01 X5.5614 Y17.9506
G01 X5.5338 Y17.9781
G01 X5.5063 Y18.0056
G01 X5.4788 Y18.0056
G01 X5.4512 Y18.0331
G01 X5.4237 Y18.0607
G01 X5.3962 Y18.0882
G01 X5.3686 Y18.0882
G01 X5.3411 Y18.0882
G01 X5.3136 Y18.1157
G01 X5.2861 Y18.1157
G01 X5.2585 Y18.1433
G01 X5.2310 Y18.1433
G01 X5.2035 Y18.1708
G01 X5.1759 Y18.1708
G01 X5.1484 Y18.1983
G01 X5.1209 Y18.1983
G01 X5.0933 Y18.1983
G01 X5.0658 Y18.2259
G01 X5.0383 Y18.2259
G01 X5.0107 Y18.2259
G01 X4.9832 Y18.2534
G01 X4.9832 Y18.2809
G01 X4.9557 Y18.3085
G01 X4.9281 Y18.3085
G01 X4.9006 Y18.3360
G01 X4.8731 Y18.3085
G01 X4.8455 Y18.3085
G01 X4.8180 Y18.2809
G01 X4.8180 Y18.2534
G01 X4.8180 Y18.2259
G01 X4.7905 Y18.1983
G01 X4.7630 Y18.1708
G01 X4.7354 Y18.1433
G01 X4.7354 Y18.1157
G01 X4.7630 Y18.0882
G01 X4.7905 Y18.0607
G01 X4.8180 Y18.0331
G01 X4.8455 Y18.0331
G01 X4.8731 Y18.0331
G01 X4.9006 Y18.0331
G01 X4.9281 Y18.0331
G01 X4.9557 Y18.0331
G01 X4.9832 Y18.0607
G01 X5.0107 Y18.0882
G01 X5.0383 Y18.1157
G01 X5.0107 Y18.0882
G01 X4.9832 Y18.0607
G01 X4.9832 Y18.0331
G01 X5.0107 Y18.0056
G01 X5.0383 Y17.9781
G01 X5.0658 Y17.9506
G01 X5.0933 Y17.9230
G01 X5.1209 Y17.8955
G01 X5.1484 Y17.8955
G01 X5.1759 Y17.8955
G01 X5.2035 Y17.8955
G01 X5.2310 Y17.8955
G01 X5.2585 Y17.8680
G01 X5.2861 Y17.8680
G01 X5.3136 Y17.8680
G01 X5.2861 Y17.8680
G01 X5.2585 Y17.8680
G01 X5.2310 Y17.8955
G01 X5.2035 Y17.8955
G01 X5.1759 Y17.8955
G01 X5.1484 Y17.8955
G01 X5.1209 Y17.8680
G01 X5.1209 Y17.8404
G01 X5.1209 Y17.8129
G01 X5.1209 Y17.7854
G01 X5.1209 Y17.7578
G01 X5.1484 Y17.7303
G01 X5.1484 Y17.7028
G01 X5.1484 Y17.6752
G01 X5.1484 Y17.6477
G01 X5.1759 Y17.6202
G01 X5.1759 Y17.5926
G01 X5.1759 Y17.5651
G01 X5.1759 Y17.5376
G01 X5.1759 Y17.5100
G01 X5.1759 Y17.4825
G01 X5.1759 Y17.4550
G01 X5.1759 Y17.4275
G01 X5.1759 Y17.3999
G01 X5.1759 Y17.3724
G01 X5.1759 Y17.3449
G01 X5.1759 Y17.3173
G01 X5.1759 Y17.2898
G01 X5.1759 Y17.2623
G01 X5.1759 Y17.2347
G01 X5.1759 Y17.2072
G01 X5.1759 Y17.1797
G01 X5.1759 Y17.1521
G01 X5.1759 Y17.1246
G01 X5.1759 Y17.0971
G01 X5.1759 Y17.0695
G01 X5.1759 Y17.0420
G01 X5.1759 Y17.0145
G01 X5.1759 Y16.9870
G01 X5.1759 Y16.9594
G01 X5.1759 Y16.9319
G01 X5.1759 Y16.9044
G01 X5.1759 Y16.8768
G01 X5.1759 Y16.8493
G01 X5.2035 Y16.8218
G01 X5.2310 Y16.7942
G01 X5.2585 Y16.7942
G01 X5.2861 Y16.7942
G01 X5.3136 Y16.7667
G01 X5.3136 Y16.7392
G01 X5.3136 Y16.7116
G01 X5.3136 Y16.6841
G01 X5.3136 Y16.6566
G01 X5.3411 Y16.6290
G01 X5.3411 Y16.6015
G01 X5.3411 Y16.5740
G01 X5.3411 Y16.5464
G01 X5.3411 Y16.5189
G01 X5.3686 Y16.4914
G01 X5.3686 Y16.4639
G01 X5.3686 Y16.4363
G01 X5.3686 Y16.4088
G01 X5.3686 Y16.3813
G01 X5.3962 Y16.3537
G01 X5.3962 Y16.3262
G01 X5.3962 Y16.2987
G01 X5.3962 Y16.2711
G01 X5.3962 Y16.2436
G01 X5.3962 Y16.2711
G01 X5.3962 Y16.2987
G01 X5.3962 Y16.3262
G01 X5.3962 Y16.3537
G01 X5.3686 Y16.3813
G01 X5.3686 Y16.4088
G01 X5.3686 Y16.4363
G01 X5.3686 Y16.4639
G01 X5.3686 Y16.4914
G01 X5.3411 Y16.5189
G01 X5.3411 Y16.5464
G01 X5.3411 Y16.5740
G01 X5.3411 Y16.6015
G01 X5.3411 Y16.6290
G01 X5.3136 Y16.6566
G01 X5.3136 Y16.6841
G01 X5.3136 Y16.7116
G01 X5.3136 Y16.7392
G01 X5.3136 Y16.7667
G01 X5.2861 Y16.7942
G01 X5.2585 Y16.7942
G01 X5.2310 Y16.7942
G01 X5.2035 Y16.7667
G01 X5.2035 Y16.7392
G01 X5.2035 Y16.7116
G01 X5.2035 Y16.6841
G01 X5.1759 Y16.6566
G01 X5.1759 Y16.6290
G01 X5.1759 Y16.6015
G01 X5.1759 Y16.5740
G01 X5.1759 Y16.5464
G01 X5.1759 Y16.5189
G01 X5.2035 Y16.4914
G01 X5.2035 Y16.4639
G01 X5.2035 Y16.4363
G01 X5.2035 Y16.4088
G01 X5.2310 Y16.3813
G01 X5.2585 Y16.3537
G01 X5.2310 Y16.3813
G01 X5.2035 Y16.3813
G01 X5.1759 Y16.3537
G01 X5.1759 Y16.3262
G01 X5.1759 Y16.2987
G01 X5.1759 Y16.2711
G01 X5.1759 Y16.2436
G01 X5.1759 Y16.2161
G01 X5.1759 Y16.1885
G01 X5.1759 Y16.1610
G01 X5.1484 Y16.1335
G01 X5.1484 Y16.1059
G01 X5.1484 Y16.0784
G01 X5.1484 Y16.0509
G01 X5.1484 Y16.0233
G01 X5.1484 Y15.9958
G01 X5.1484 Y15.9683
G01 X5.1484 Y15.9408
G01 X5.1484 Y15.9132
G01 X5.1484 Y15.8857
G01 X5.1484 Y15.8582
G01 X5.1484 Y15.8306
G01 X5.1484 Y15.8031
G01 X5.1484 Y15.7756
G01 X5.1484 Y15.7480
G01 X5.1484 Y15.7205
G01 X5.1209 Y15.6930
G01 X5.1209 Y15.6654
G01 X5.1209 Y15.6379
G01 X5.1209 Y15.6104
G01 X5.1209 Y15.5828
G01 X5.1484 Y15.5553
G01 X5.1484 Y15.5278
G01 X5.1484 Y15.5002
G01 X5.1484 Y15.4727
G01 X5.1484 Y15.4452
G01 X5.1484 Y15.4177
G01 X5.1484 Y15.3901
G01 X5.1484 Y15.3626
G01 X5.1484 Y15.3351
G01 X5.1484 Y15.3075
G01 X5.1484 Y15.2800
G01 X5.1484 Y15.2525
G01 X5.1484 Y15.2249
G01 X5.1484 Y15.1974
G01 X5.1484 Y15.1699
G01 X5.1484 Y15.1423
G01 X5.1484 Y15.1148
G01 X5.1484 Y15.0873
G01 X5.1484 Y15.0597
G01 X5.1484 Y15.0322
G01 X5.1484 Y15.0047
G01 X5.1484 Y14.9771
G01 X5.1484 Y14.9496
G01 X5.1484 Y14.9221
G01 X5.1484 Y14.8946
G01 X5.1484 Y14.8670
G01 X5.1484 Y14.8395
G01 X5.1484 Y14.8120
G01 X5.1484 Y14.7844
G01 X5.1484 Y14.7569
G01 X5.1484 Y14.7294
G01 X5.1484 Y14.7018
G01 X5.1484 Y14.6743
G01 X5.1484 Y14.6468
G01 X5.1484 Y14.6192
G01 X5.1484 Y14.5917
G01 X5.1484 Y14.5642
G01 X5.1484 Y14.5366
G01 X5.1209 Y14.5091
G01 X5.1209 Y14.4816
G01 X5.1209 Y14.4540
G01 X5.1209 Y14.4265
G01 X5.1209 Y14.3990
G01 X5.1209 Y14.3715
G01 X5.0933 Y14.3439
G01 X5.0933 Y14.3164
G01 X5.0933 Y14.2889
G01 X5.0933 Y14.2613
G01 X5.0933 Y14.2338
G01 X5.0933 Y14.2063
G01 X5.0658 Y14.1787
G01 X5.0658 Y14.1512
G01 X5.0658 Y14.1237
G01 X5.0658 Y14.0961
G01 X5.0658 Y14.0686
G01 X5.0658 Y14.0411
G01 X5.0658 Y14.0135
G01 X5.0658 Y13.9860
G01 X5.0658 Y13.9585
G01 X5.0658 Y13.9310
G01 X5.0658 Y13.9585
G01 X5.0658 Y13.9860
G01 X5.0658 Y14.0135
G01 X5.0658 Y14.0411
G01 X5.0658 Y14.0686
G01 X5.0658 Y14.0961
G01 X5.0658 Y14.1237
G01 X5.0658 Y14.1512
G01 X5.0658 Y14.1787
G01 X5.0933 Y14.2063
G01 X5.0933 Y14.2338
G01 X5.0933 Y14.2613
G01 X5.0933 Y14.2889
G01 X5.0933 Y14.3164
G01 X5.0933 Y14.3439
G01 X5.1209 Y14.3715
G01 X5.1209 Y14.3990
G01 X5.1209 Y14.4265
G01 X5.1209 Y14.4540
G01 X5.1209 Y14.4816
G01 X5.1209 Y14.5091
G01 X5.1484 Y14.5366
G01 X5.1484 Y14.5642
G01 X5.1484 Y14.5917
G01 X5.1484 Y14.6192
G01 X5.1484 Y14.6468
G01 X5.1484 Y14.6743
G01 X5.1484 Y14.7018
G01 X5.1484 Y14.7294
G01 X5.1484 Y14.7569
G01 X5.1484 Y14.7844
G01 X5.1484 Y14.8120
G01 X5.1484 Y14.8395
G01 X5.1484 Y14.8670
G01 X5.1484 Y14.8946
G01 X5.1484 Y14.9221
G01 X5.1484 Y14.9496
G01 X5.1484 Y14.9771
G01 X5.1484 Y15.0047
G01 X5.1484 Y15.0322
G01 X5.1484 Y15.0597
G01 X5.1484 Y15.0873
G01 X5.1484 Y15.1148
G01 X5.1484 Y15.1423
G01 X5.1484 Y15.1699
G01 X5.1484 Y15.1974
G01 X5.1484 Y15.2249
G01 X5.1484 Y15.2525
G01 X5.1484 Y15.2800
G01 X5.1484 Y15.3075
G01 X5.1484 Y15.3351
G01 X5.1484 Y15.3626
G01 X5.1484 Y15.3901
G01 X5.1484 Y15.4177
G01 X5.1484 Y15.4452
G01 X5.1484 Y15.4727
G01 X5.1484 Y15.5002
G01 X5.1484 Y15.5278
G01 X5.1484 Y15.5553
G01 X5.1209 Y15.5828
G01 X5.1209 Y15.6104
G01 X5.1209 Y15.6379
G01 X5.1209 Y15.6654
G01 X5.1209 Y15.6930
G01 X5.1484 Y15.7205
G01 X5.1484 Y15.7480
G01 X5.1484 Y15.7756
G01 X5.1484 Y15.8031
G01 X5.1484 Y15.8306
G01 X5.1484 Y15.8582
G01 X5.1484 Y15.8857
G01 X5.1484 Y15.9132
G01 X5.1484 Y15.9408
G01 X5.1484 Y15.9683
G01 X5.1484 Y15.9958
G01 X5.1484 Y16.0233
G01 X5.1484 Y16.0509
G01 X5.1484 Y16.0784
G01 X5.1484 Y16.1059
G01 X5.1484 Y16.1335
G01 X5.1759 Y16.1610
G01 X5.1759 Y16.1885
G01 X5.1759 Y16.2161
G01 X5.1759 Y16.2436
G01 X5.1759 Y16.2711
G01 X5.1759 Y16.2987
G01 X5.1759 Y16.3262
G01 X5.1759 Y16.3537
G01 X5.1759 Y16.3813
G01 X5.2035 Y16.4088
G01 X5.2035 Y16.4363
G01 X5.2035 Y16.4639
G01 X5.2035 Y16.4914
G01 X5.1759 Y16.5189
G01 X5.1759 Y16.5464
G01 X5.1759 Y16.5740
G01 X5.1759 Y16.6015
G01 X5.1759 Y16.6290
G01 X5.1759 Y16.6566
G01 X5.2035 Y16.6841
G01 X5.2035 Y16.7116
G01 X5.2035 Y16.7392
G01 X5.2035 Y16.7667
G01 X5.2035 Y16.7942
G01 X5.2035 Y16.8218
G01 X5.1759 Y16.8493
G01 X5.1759 Y16.8768
G01 X5.1759 Y16.9044
G01 X5.1759 Y16.9319
G01 X5.1759 Y16.9594
G01 X5.1759 Y16.9870
G01 X5.1759 Y17.0145
G01 X5.1759 Y17.0420
G01 X5.1759 Y17.0695
G01 X5.1759 Y17.0971
G01 X5.1759 Y17.1246
G01 X5.1759 Y17.1521
G01 X5.1759 Y17.1797
G01 X5.1759 Y17.2072
G01 X5.1759 Y17.2347
G01 X5.1759 Y17.2623
G01 X5.1759 Y17.2898
G01 X5.1759 Y17.3173
G01 X5.1759 Y17.3449
G01 X5.1759 Y17.3724
G01 X5.1759 Y17.3999
G01 X5.1759 Y17.4275
G01 X5.1759 Y17.4550
G01 X5.1759 Y17.4825
G01 X5.1759 Y17.5100
G01 X5.1759 Y17.5376
G01 X5.1759 Y17.5651
G01 X5.1759 Y17.5926
G01 X5.1759 Y17.6202
G01 X5.1484 Y17.6477
G01 X5.1484 Y17.6752
G01 X5.1484 Y17.7028
G01 X5.1484 Y17.7303
G01 X5.1209 Y17.7578
G01 X5.1209 Y17.7854
G01 X5.1209 Y17.8129
G01 X5.1209 Y17.8404
G01 X5.1209 Y17.8680
G01 X5.1209 Y17.8955
G01 X5.0933 Y17.9230
G01 X5.0658 Y17.9506
G01 X5.0383 Y17.9781
G01 X5.0107 Y17.9781
G01 X4.9832 Y17.9781
G01 X4.9557 Y18.0056
G01 X4.9281 Y18.0331
G01 X4.9006 Y18.0331
G01 X4.8731 Y18.0331
G01 X4.8455 Y18.0331
G01 X4.8180 Y18.0056
G01 X4.8180 Y17.9781
G01 X4.8180 Y17.9506
G01 X4.8180 Y17.9230
G01 X4.8180 Y17.8955
G01 X4.8180 Y17.8680
G01 X4.8180 Y17.8404
G01 X4.8180 Y17.8129
G01 X4.8180 Y17.7854
G01 X4.8180 Y17.7578
G01 X4.8180 Y17.7303
G01 X4.8180 Y17.7028
G01 X4.8180 Y17.6752
G01 X4.8180 Y17.6477
G01 X4.8180 Y17.6202
G01 X4.8180 Y17.5926
G01 X4.8455 Y17.5651
G01 X4.8180 Y17.5376
G01 X4.8180 Y17.5100
G01 X4.8180 Y17.4825
G01 X4.8180 Y17.4550
G01 X4.8180 Y17.4275
G01 X4.8180 Y17.3999
G01 X4.8180 Y17.3724
G01 X4.8180 Y17.3449
G01 X4.8180 Y17.3173
G01 X4.8180 Y17.2898
G01 X4.8180 Y17.2623
G01 X4.8180 Y17.2347
G01 X4.7905 Y17.2072
G01 X4.7630 Y17.2072
G01 X4.7354 Y17.1797
G01 X4.7354 Y17.1521
G01 X4.7354 Y17.1246
G01 X4.7354 Y17.0971
G01 X4.7630 Y17.0695
G01 X4.7630 Y17.0420
G01 X4.7630 Y17.0145
G01 X4.7630 Y16.9870
G01 X4.7630 Y16.9594
G01 X4.7905 Y16.9319
G01 X4.7905 Y16.9044
G01 X4.7905 Y16.8768
G01 X4.7905 Y16.8493
G01 X4.7905 Y16.8218
G01 X4.8180 Y16.7942
G01 X4.8180 Y16.7667
G01 X4.8180 Y16.7392
G01 X4.8180 Y16.7116
G01 X4.8180 Y16.6841
G01 X4.8180 Y16.6566
G01 X4.8180 Y16.6290
G01 X4.8180 Y16.6015
G01 X4.8180 Y16.5740
G01 X4.8180 Y16.5464
G01 X4.8455 Y16.5189
G01 X4.8455 Y16.4914
G01 X4.8455 Y16.4639
G01 X4.8455 Y16.4363
G01 X4.8455 Y16.4088
G01 X4.8455 Y16.3813
G01 X4.8455 Y16.3537
G01 X4.8455 Y16.3262
G01 X4.8455 Y16.2987
G01 X4.8455 Y16.2711
G01 X4.8455 Y16.2436
G01 X4.8455 Y16.2161
G01 X4.8455 Y16.1885
G01 X4.8455 Y16.1610
G01 X4.8455 Y16.1335
G01 X4.8455 Y16.1059
G01 X4.8455 Y16.0784
G01 X4.8731 Y16.0509
G01 X4.8731 Y16.0233
G01 X4.8731 Y15.9958
G01 X4.8731 Y15.9683
G01 X4.8731 Y15.9408
G01 X4.8731 Y15.9132
G01 X4.8455 Y15.8857
G01 X4.8455 Y15.8582
G01 X4.8455 Y15.8306
G01 X4.8455 Y15.8031
G01 X4.8455 Y15.7756
G01 X4.8455 Y15.7480
G01 X4.8455 Y15.7205
G01 X4.8455 Y15.6930
G01 X4.8455 Y15.6654
G01 X4.8455 Y15.6379
G01 X4.8455 Y15.6104
G01 X4.8731 Y15.5828
G01 X4.8731 Y15.5553
G01 X4.8731 Y15.5278
G01 X4.8731 Y15.5002
G01 X4.8731 Y15.4727
G01 X4.8731 Y15.4452
G01 X4.8731 Y15.4177
G01 X4.8731 Y15.3901
G01 X4.8731 Y15.3626
G01 X4.8455 Y15.3351
G01 X4.8455 Y15.3075
G01 X4.8455 Y15.2800
G01 X4.8455 Y15.2525
G01 X4.8455 Y15.2249
G01 X4.8455 Y15.1974
G01 X4.8455 Y15.1699
G01 X4.8180 Y15.1423
G01 X4.8180 Y15.1148
G01 X4.8180 Y15.0873
G01 X4.8180 Y15.0597
G01 X4.8180 Y15.0322
G01 X4.8180 Y15.0047
G01 X4.7905 Y14.9771
G01 X4.7905 Y14.9496
G01 X4.7905 Y14.9221
G01 X4.7905 Y14.8946
G01 X4.7905 Y14.8670
G01 X4.7630 Y14.8395
G01 X4.7630 Y14.8120
G01 X4.7630 Y14.7844
G01 X4.7630 Y14.7569
G01 X4.7630 Y14.7294
G01 X4.7630 Y14.7018
G01 X4.7354 Y14.6743
G01 X4.7354 Y14.6468
G01 X4.7354 Y14.6192
G01 X4.7354 Y14.5917
G01 X4.7354 Y14.5642
G01 X4.7079 Y14.5366
G01 X4.7079 Y14.5091
G01 X4.7079 Y14.4816
G01 X4.7079 Y14.4540
G01 X4.7079 Y14.4265
G01 X4.7079 Y14.3990
G01 X4.7079 Y14.3715
G01 X4.7079 Y14.3439
G01 X4.7079 Y14.3164
G01 X4.7079 Y14.2889
G01 X4.7079 Y14.2613
G01 X4.7079 Y14.2338
G01 X4.7079 Y14.2063
G01 X4.7079 Y14.1787
G01 X4.7079 Y14.1512
G01 X4.7079 Y14.1237
G01 X4.7079 Y14.0961
G01 X4.7079 Y14.0686
G01 X4.6804 Y14.0411
G01 X4.6804 Y14.0135
G01 X4.6804 Y13.9860
G01 X4.6804 Y13.9585
G01 X4.6804 Y13.9310
G01 X4.6804 Y13.9034
G01 X4.6804 Y13.8759
G01 X4.6804 Y13.8484
G01 X4.6804 Y13.8208
G01 X4.6804 Y13.7933
G01 X4.6804 Y13.7658
G01 X4.6804 Y13.7382
G01 X4.6804 Y13.7107
G01 X4.6804 Y13.6832
G01 X4.6528 Y13.6556
G01 X4.6528 Y13.6281
G01 X4.6528 Y13.6006
G01 X4.6528 Y13.5730
G01 X4.6528 Y13.5455
G01 X4.6528 Y13.5180
G01 X4.6528 Y13.4904
G01 X4.6528 Y13.4629
G01 X4.6528 Y13.4354
G01 X4.6528 Y13.4079
G01 X4.6528 Y13.3803
G01 X4.6804 Y13.3528
G01 X4.7079 Y13.3253
G01 X4.7354 Y13.3253
G01 X4.7630 Y13.3528
G01 X4.7905 Y13.3803
G01 X4.7905 Y13.4079
G01 X4.8180 Y13.4354
G01 X4.8455 Y13.4629
G01 X4.8731 Y13.4904
G01 X4.8731 Y13.5180
G01 X4.8731 Y13.5455
G01 X4.8731 Y13.5730
G01 X4.8731 Y13.6006
G01 X4.9006 Y13.6281
G01 X4.9006 Y13.6556
G01 X4.9006 Y13.6832
G01 X4.9006 Y13.7107
G01 X4.9006 Y13.7382
G01 X4.9006 Y13.7658
G01 X4.9006 Y13.7933
G01 X4.9281 Y13.8208
G01 X4.9006 Y13.7933
G01 X4.9006 Y13.7658
G01 X4.9006 Y13.7382
G01 X4.9006 Y13.7107
G01 X4.9006 Y13.6832
G01 X4.9006 Y13.6556
G01 X4.9006 Y13.6281
G01 X4.8731 Y13.6006
G01 X4.8731 Y13.5730
G01 X4.8731 Y13.5455
G01 X4.8731 Y13.5180
G01 X4.8731 Y13.4904
G01 X4.8455 Y13.4629
G01 X4.8180 Y13.4354
G01 X4.7905 Y13.4079
G01 X4.7905 Y13.3803
G01 X4.7630 Y13.3528
G01 X4.7354 Y13.3253
G01 X4.7079 Y13.2977
G01 X4.7079 Y13.2702
G01 X4.7079 Y13.2427
G01 X4.6804 Y13.2151
G01 X4.6804 Y13.1876
G01 X4.6804 Y13.1601
G01 X4.6804 Y13.1325
G01 X4.6804 Y13.1050
G01 X4.6528 Y13.0775
G01 X4.6528 Y13.0499
G01 X4.6253 Y13.0224
G01 X4.6253 Y12.9949
G01 X4.6253 Y12.9673
G01 X4.5978 Y12.9398
G01 X4.5978 Y12.9123
G01 X4.6253 Y12.8848
G01 X4.6253 Y12.8572
G01 X4.6253 Y12.8297
G01 X4.6528 Y12.8022
G01 X4.6528 Y12.7746
G01 X4.6528 Y12.7471
G01 X4.6528 Y12.7196
G01 X4.6528 Y12.6920
G01 X4.6253 Y12.6645
G01 X4.5978 Y12.6370
G01 X4.6253 Y12.6645
G01 X4.6528 Y12.6920
G01 X4.6528 Y12.7196
G01 X4.6528 Y12.7471
G01 X4.6528 Y12.7746
G01 X4.6528 Y12.8022
G01 X4.6253 Y12.8297
G01 X4.6253 Y12.8572
G01 X4.6253 Y12.8848
G01 X4.5978 Y12.9123
G01 X4.5702 Y12.9398
G01 X4.5427 Y12.9398
G01 X4.5152 Y12.9673
G01 X4.5152 Y12.9949
G01 X4.5152 Y13.0224
G01 X4.5152 Y13.0499
G01 X4.5427 Y13.0775
G01 X4.5152 Y13.1050
G01 X4.5152 Y13.1325
G01 X4.5152 Y13.1050
G01 X4.5427 Y13.0775
G01 X4.5702 Y13.0499
G01 X4.5978 Y13.0224
G01 X4.6253 Y13.0224
G01 X4.6528 Y13.0499
G01 X4.6528 Y13.0775
G01 X4.6804 Y13.1050
G01 X4.6804 Y13.1325
G01 X4.6804 Y13.1601
G01 X4.6804 Y13.1876
G01 X4.6804 Y13.2151
G01 X4.7079 Y13.2427
G01 X4.7079 Y13.2702
G01 X4.7079 Y13.2977
G01 X4.7079 Y13.3253
G01 X4.6804 Y13.3528
G01 X4.6528 Y13.3803
G01 X4.6528 Y13.4079
G01 X4.6528 Y13.4354
G01 X4.6528 Y13.4629
G01 X4.6528 Y13.4904
G01 X4.6528 Y13.5180
G01 X4.6528 Y13.5455
G01 X4.6528 Y13.5730
G01 X4.6528 Y13.6006
G01 X4.6528 Y13.6281
G01 X4.6528 Y13.6556
G01 X4.6804 Y13.6832
G01 X4.6804 Y13.7107
G01 X4.6804 Y13.7382
G01 X4.6804 Y13.7658
G01 X4.6804 Y13.7933
G01 X4.6804 Y13.8208
G01 X4.6804 Y13.8484
G01 X4.6804 Y13.8759
G01 X4.6804 Y13.9034
G01 X4.6804 Y13.9310
G01 X4.6804 Y13.9585
G01 X4.6804 Y13.9860
G01 X4.6804 Y14.0135
G01 X4.6804 Y14.0411
G01 X4.7079 Y14.0686
G01 X4.7079 Y14.0961
G01 X4.7079 Y14.1237
G01 X4.7079 Y14.1512
G01 X4.7079 Y14.1787
G01 X4.7079 Y14.2063
G01 X4.7079 Y14.2338
G01 X4.7079 Y14.2613
G01 X4.7079 Y14.2889
G01 X4.7079 Y14.3164
G01 X4.7079 Y14.3439
G01 X4.7079 Y14.3715
G01 X4.7079 Y14.3990
G01 X4.7079 Y14.4265
G01 X4.7079 Y14.4540
G01 X4.7079 Y14.4816
G01 X4.7079 Y14.5091
G01 X4.7079 Y14.5366
G01 X4.7354 Y14.5642
G01 X4.7354 Y14.5917
G01 X4.7354 Y14.6192
G01 X4.7354 Y14.6468
G01 X4.7354 Y14.6743
G01 X4.7630 Y14.7018
G01 X4.7630 Y14.7294
G01 X4.7630 Y14.7569
G01 X4.7630 Y14.7844
G01 X4.7630 Y14.8120
G01 X4.7630 Y14.8395
G01 X4.7905 Y14.8670
G01 X4.7905 Y14.8946
G01 X4.7905 Y14.9221
G01 X4.7905 Y14.9496
G01 X4.7905 Y14.9771
G01 X4.8180 Y15.0047
G01 X4.8180 Y15.0322
G01 X4.8180 Y15.0597
G01 X4.8180 Y15.0873
G01 X4.8180 Y15.1148
G01 X4.8180 Y15.1423
G01 X4.8455 Y15.1699
G01 X4.8455 Y15.1974
G01 X4.8455 Y15.2249
G01 X4.8455 Y15.2525
G01 X4.8455 Y15.2800
G01 X4.8455 Y15.3075
G01 X4.8455 Y15.3351
G01 X4.8731 Y15.3626
G01 X4.8731 Y15.3901
G01 X4.8731 Y15.4177
G01 X4.8731 Y15.4452
G01 X4.8731 Y15.4727
G01 X4.8731 Y15.5002
G01 X4.8731 Y15.5278
G01 X4.8731 Y15.5553
G01 X4.8731 Y15.5828
G01 X4.8455 Y15.6104
G01 X4.8455 Y15.6379
G01 X4.8455 Y15.6654
G01 X4.8455 Y15.6930
G01 X4.8455 Y15.7205
G01 X4.8455 Y15.7480
G01 X4.8455 Y15.7756
G01 X4.8455 Y15.8031
G01 X4.8455 Y15.8306
G01 X4.8455 Y15.8582
G01 X4.8455 Y15.8857
G01 X4.8731 Y15.9132
G01 X4.8731 Y15.9408
G01 X4.8731 Y15.9683
G01 X4.8731 Y15.9958
G01 X4.8731 Y16.0233
G01 X4.8731 Y16.0509
G01 X4.8455 Y16.0784
G01 X4.8455 Y16.1059
G01 X4.8455 Y16.1335
G01 X4.8455 Y16.1610
G01 X4.8455 Y16.1885
G01 X4.8455 Y16.2161
G01 X4.8455 Y16.2436
G01 X4.8455 Y16.2711
G01 X4.8455 Y16.2987
G01 X4.8455 Y16.3262
G01 X4.8455 Y16.3537
G01 X4.8455 Y16.3813
G01 X4.8455 Y16.4088
G01 X4.8455 Y16.4363
G01 X4.8455 Y16.4639
G01 X4.8455 Y16.4914
G01 X4.8455 Y16.5189
G01 X4.8180 Y16.5464
G01 X4.8180 Y16.5740
G01 X4.8180 Y16.6015
G01 X4.8180 Y16.6290
G01 X4.8180 Y16.6566
G01 X4.8180 Y16.6841
G01 X4.8180 Y16.7116
G01 X4.8180 Y16.7392
G01 X4.8180 Y16.7667
G01 X4.8180 Y16.7942
G01 X4.7905 Y16.8218
G01 X4.7905 Y16.8493
G01 X4.7905 Y16.8768
G01 X4.7905 Y16.9044
G01 X4.7905 Y16.9319
G01 X4.7630 Y16.9594
G01 X4.7630 Y16.9870
G01 X4.7630 Y17.0145
G01 X4.7630 Y17.0420
G01 X4.7630 Y17.0695
G01 X4.7354 Y17.0971
G01 X4.7354 Y17.1246
G01 X4.7354 Y17.1521
G01 X4.7354 Y17.1797
G01 X4.7354 Y17.2072
G01 X4.7079 Y17.2347
G01 X4.7079 Y17.2623
G01 X4.7079 Y17.2898
G01 X4.6804 Y17.3173
G01 X4.6804 Y17.3449
G01 X4.6804 Y17.3724
G01 X4.6804 Y17.3999
G01 X4.6528 Y17.4275
G01 X4.6528 Y17.4550
G01 X4.6528 Y17.4825
G01 X4.6528 Y17.5100
G01 X4.6528 Y17.5376
G01 X4.6253 Y17.5651
G01 X4.6253 Y17.5926
G01 X4.6253 Y17.6202
G01 X4.6253 Y17.6477
G01 X4.6253 Y17.6752
G01 X4.5978 Y17.7028
G01 X4.5978 Y17.7303
G01 X4.5978 Y17.7578
G01 X4.5978 Y17.7854
G01 X4.5978 Y17.8129
G01 X4.5702 Y17.8404
G01 X4.5702 Y17.8680
G01 X4.5702 Y17.8955
G01 X4.5702 Y17.9230
G01 X4.5702 Y17.9506
G01 X4.5702 Y17.9781
G01 X4.5702 Y18.0056
G01 X4.5702 Y18.0331
G01 X4.5702 Y18.0607
G01 X4.5702 Y18.0882
G01 X4.5978 Y18.1157
G01 X4.5702 Y18.1433
G01 X4.5702 Y18.1708
G01 X4.5702 Y18.1983
G01 X4.5702 Y18.2259
G01 X4.5702 Y18.1983
G01 X4.5702 Y18.1708
G01 X4.5702 Y18.1433
G01 X4.5978 Y18.1157
G01 X4.6253 Y18.1157
G01 X4.6528 Y18.1157
G01 X4.6804 Y18.1157
G01 X4.7079 Y18.1157
G01 X4.7354 Y18.1433
G01 X4.7630 Y18.1708
G01 X4.7905 Y18.1983
G01 X4.8180 Y18.2259
G01 X4.8180 Y18.2534
G01 X4.8180 Y18.2809
G01 X4.8455 Y18.3085
G01 X4.8731 Y18.3085
G01 X4.9006 Y18.3360
M3 S30 ; PEN UP
G00 X9.4433 Y17.1521
M3 S50 ; PEN DOWN
G01 X9.4433 Y17.1246
G01 X9.4708 Y17.0971
G01 X9.4708 Y17.0695
G01 X9.4708 Y17.0420
G01 X9.4708 Y17.0145
G01 X9.4708 Y16.9870
G01 X9.4708 Y16.9594
G01 X9.4433 Y16.9319
G01 X9.4433 Y16.9044
G01 X9.4433 Y16.8768
G01 X9.4433 Y16.8493
G01 X9.4433 Y16.8218
G01 X9.4158 Y16.7942
G01 X9.4158 Y16.7667
G01 X9.4158 Y16.7392
G01 X9.4158 Y16.7116
G01 X9.4158 Y16.6841
G01 X9.3882 Y16.6566
G01 X9.3882 Y16.6290
G01 X9.3882 Y16.6015
G01 X9.3882 Y16.5740
G01 X9.3607 Y16.5464
G01 X9.3607 Y16.5189
G01 X9.3607 Y16.4914
G01 X9.3332 Y16.4639
G01 X9.3332 Y16.4363
G01 X9.3332 Y16.4088
G01 X9.3332 Y16.3813
G01 X9.3332 Y16.3537
G01 X9.3332 Y16.3262
G01 X9.3057 Y16.2987
G01 X9.3057 Y16.2711
G01 X9.3057 Y16.2436
G01 X9.3057 Y16.2161
G01 X9.3057 Y16.1885
G01 X9.3057 Y16.1610
G01 X9.3057 Y16.1335
G01 X9.3057 Y16.1059
G01 X9.3057 Y16.0784
G01 X9.3057 Y16.0509
G01 X9.3057 Y16.0233
G01 X9.3057 Y15.9958
G01 X9.3057 Y15.9683
G01 X9.3057 Y15.9408
G01 X9.3057 Y15.9132
G01 X9.3057 Y15.8857
G01 X9.3057 Y15.8582
G01 X9.3057 Y15.8306
G01 X9.3057 Y15.8031
G01 X9.3057 Y15.7756
G01 X9.3057 Y15.7480
G01 X9.3057 Y15.7205
G01 X9.3057 Y15.6930
G01 X9.3057 Y15.6654
G01 X9.3057 Y15.6379
G01 X9.3057 Y15.6104
G01 X9.3057 Y15.5828
G01 X9.3332 Y15.5553
G01 X9.3332 Y15.5278
G01 X9.3332 Y15.5002
G01 X9.3332 Y15.4727
G01 X9.3332 Y15.4452
G01 X9.3332 Y15.4177
G01 X9.3332 Y15.3901
G01 X9.3332 Y15.4177
G01 X9.3332 Y15.4452
G01 X9.3332 Y15.4727
G01 X9.3332 Y15.5002
G01 X9.3332 Y15.5278
G01 X9.3332 Y15.5553
G01 X9.3057 Y15.5828
G01 X9.3057 Y15.6104
G01 X9.3057 Y15.6379
G01 X9.3057 Y15.6654
G01 X9.3057 Y15.6930
G01 X9.3057 Y15.7205
G01 X9.3057 Y15.7480
G01 X9.3057 Y15.7756
G01 X9.3057 Y15.8031
G01 X9.3057 Y15.8306
G01 X9.3057 Y15.8582
G01 X9.3057 Y15.8857
G01 X9.3057 Y15.9132
G01 X9.3057 Y15.9408
G01 X9.3057 Y15.9683
G01 X9.3057 Y15.9958
G01 X9.3057 Y16.0233
G01 X9.3057 Y16.0509
G01 X9.3057 Y16.0784
G01 X9.3057 Y16.1059
G01 X9.3057 Y16.1335
G01 X9.3057 Y16.1610
G01 X9.3057 Y16.1885
G01 X9.3057 Y16.2161
G01 X9.3057 Y16.2436
G01 X9.3057 Y16.2711
G01 X9.3057 Y16.2987
G01 X9.3332 Y16.3262
G01 X9.3332 Y16.3537
G01 X9.3332 Y16.3813
G01 X9.3332 Y16.4088
G01 X9.3332 Y16.4363
G01 X9.3332 Y16.4639
G01 X9.3607 Y16.4914
G01 X9.3607 Y16.5189
G01 X9.3607 Y16.5464
G01 X9.3882 Y16.5740
G01 X9.3882 Y16.6015
G01 X9.3882 Y16.6290
G01 X9.3882 Y16.6566
G01 X9.4158 Y16.6841
G01 X9.4158 Y16.7116
G01 X9.4158 Y16.7392
G01 X9.4158 Y16.7667
G01 X9.4158 Y16.7942
G01 X9.4433 Y16.8218
G01 X9.4433 Y16.8493
G01 X9.4433 Y16.8768
G01 X9.4433 Y16.9044
G01 X9.4433 Y16.9319
G01 X9.4708 Y16.9594
G01 X9.4708 Y16.9870
G01 X9.4708 Y17.0145
G01 X9.4708 Y17.0420
G01 X9.4708 Y17.0695
G01 X9.4708 Y17.0971
G01 X9.4433 Y17.1246
M3 S30 ; PEN UP
G00 X9.6636 Y16.6566
M3 S50 ; PEN DOWN
G01 X9.6636 Y16.6290
G01 X9.6911 Y16.6015
G01 X9.6911 Y16.5740
G01 X9.6911 Y16.5464
G01 X9.7186 Y16.5189
G01 X9.7186 Y16.4914
G01 X9.7462 Y16.4639
G01 X9.7462 Y16.4363
G01 X9.7737 Y16.4088
G01 X9.7737 Y16.3813
G01 X9.7737 Y16.3537
G01 X9.7737 Y16.3262
G01 X9.7737 Y16.2987
G01 X9.8012 Y16.2711
G01 X9.8012 Y16.2436
G01 X9.8012 Y16.2161
G01 X9.8012 Y16.1885
G01 X9.8012 Y16.1610
G01 X9.8012 Y16.1335
G01 X9.8012 Y16.1059
G01 X9.8288 Y16.0784
G01 X9.8288 Y16.0509
G01 X9.8288 Y16.0233
G01 X9.8288 Y15.9958
G01 X9.8288 Y15.9683
G01 X9.8288 Y15.9408
G01 X9.8288 Y15.9132
G01 X9.8288 Y15.8857
G01 X9.8288 Y15.8582
G01 X9.8288 Y15.8306
G01 X9.8563 Y15.8031
G01 X9.8563 Y15.7756
G01 X9.8563 Y15.7480
G01 X9.8563 Y15.7205
G01 X9.8563 Y15.6930
G01 X9.8563 Y15.6654
G01 X9.8563 Y15.6379
G01 X9.8563 Y15.6104
G01 X9.8563 Y15.5828
G01 X9.8563 Y15.5553
G01 X9.8563 Y15.5278
G01 X9.8563 Y15.5002
G01 X9.8563 Y15.4727
G01 X9.8563 Y15.4452
G01 X9.8563 Y15.4177
G01 X9.8563 Y15.3901
G01 X9.8563 Y15.3626
G01 X9.8563 Y15.3351
G01 X9.8563 Y15.3075
G01 X9.8563 Y15.2800
G01 X9.8563 Y15.2525
G01 X9.8563 Y15.2249
G01 X9.8563 Y15.1974
G01 X9.8563 Y15.1699
G01 X9.8563 Y15.1423
G01 X9.8563 Y15.1148
G01 X9.8563 Y15.0873
G01 X9.8563 Y15.0597
G01 X9.8563 Y15.0322
G01 X9.8563 Y15.0047
G01 X9.8288 Y14.9771
G01 X9.8288 Y14.9496
G01 X9.8288 Y14.9221
G01 X9.8288 Y14.8946
G01 X9.8288 Y14.8670
G01 X9.8288 Y14.8395
G01 X9.8288 Y14.8120
G01 X9.8288 Y14.7844
G01 X9.8288 Y14.7569
G01 X9.8288 Y14.7294
G01 X9.8288 Y14.7018
G01 X9.8288 Y14.6743
G01 X9.8288 Y14.6468
G01 X9.8288 Y14.6192
G01 X9.8288 Y14.5917
G01 X9.8288 Y14.5642
G01 X9.8288 Y14.5366
G01 X9.8288 Y14.5091
G01 X9.8288 Y14.4816
G01 X9.8288 Y14.4540
G01 X9.8288 Y14.4265
G01 X9.8288 Y14.3990
G01 X9.8288 Y14.3715
G01 X9.8012 Y14.3439
G01 X9.8012 Y14.3164
G01 X9.8012 Y14.2889
G01 X9.8012 Y14.2613
G01 X9.8012 Y14.2338
G01 X9.8012 Y14.2063
G01 X9.8012 Y14.1787
G01 X9.8012 Y14.1512
G01 X9.8012 Y14.1237
G01 X9.8012 Y14.0961
G01 X9.8012 Y14.0686
G01 X9.8012 Y14.0411
G01 X9.8012 Y14.0135
G01 X9.8012 Y13.9860
G01 X9.8012 Y13.9585
G01 X9.8012 Y13.9310
G01 X9.8012 Y13.9034
G01 X9.8012 Y13.8759
G01 X9.8012 Y13.8484
G01 X9.8012 Y13.8208
G01 X9.8012 Y13.7933
G01 X9.8012 Y13.7658
G01 X9.8012 Y13.7382
G01 X9.8012 Y13.7107
G01 X9.8012 Y13.6832
G01 X9.8012 Y13.6556
G01 X9.8012 Y13.6281
G01 X9.8012 Y13.6006
G01 X9.8012 Y13.5730
G01 X9.7737 Y13.5455
G01 X9.7737 Y13.5180
G01 X9.7737 Y13.4904
G01 X9.7737 Y13.4629
G01 X9.7737 Y13.4354
G01 X9.7737 Y13.4079
G01 X9.7737 Y13.3803
G01 X9.7737 Y13.3528
G01 X9.7737 Y13.3253
G01 X9.7737 Y13.2977
G01 X9.7737 Y13.2702
G01 X9.7737 Y13.2427
G01 X9.7737 Y13.2151
G01 X9.7737 Y13.1876
G01 X9.7737 Y13.1601
G01 X9.7737 Y13.1325
G01 X9.7737 Y13.1050
G01 X9.7737 Y13.0775
G01 X9.7737 Y13.0499
G01 X9.7737 Y13.0224
G01 X9.7737 Y12.9949
G01 X9.7462 Y12.9673
G01 X9.7462 Y12.9398
G01 X9.7462 Y12.9123
G01 X9.7462 Y12.8848
G01 X9.7462 Y12.8572
G01 X9.7462 Y12.8297
G01 X9.7462 Y12.8022
G01 X9.7462 Y12.7746
G01 X9.7462 Y12.7471
G01 X9.7462 Y12.7196
G01 X9.7462 Y12.6920
G01 X9.7462 Y12.6645
G01 X9.7462 Y12.6370
G01 X9.7462 Y12.6094
G01 X9.7462 Y12.5819
G01 X9.7186 Y12.5544
G01 X9.7186 Y12.5268
G01 X9.7186 Y12.4993
G01 X9.7186 Y12.4718
G01 X9.7186 Y12.4442
G01 X9.7186 Y12.4167
G01 X9.6911 Y12.3892
G01 X9.6911 Y12.3617
G01 X9.6911 Y12.3341
G01 X9.6911 Y12.3066
G01 X9.6911 Y12.2791
G01 X9.6911 Y12.2515
G01 X9.6911 Y12.2240
G01 X9.6636 Y12.1965
G01 X9.6636 Y12.1689
G01 X9.6636 Y12.1414
G01 X9.6636 Y12.1139
G01 X9.6360 Y12.0863
G01 X9.6085 Y12.0863
G01 X9.5810 Y12.0863
G01 X9.5534 Y12.1139
G01 X9.5534 Y12.1414
G01 X9.5259 Y12.1689
G01 X9.5259 Y12.1965
G01 X9.5259 Y12.2240
G01 X9.4984 Y12.2515
G01 X9.4984 Y12.2791
G01 X9.4984 Y12.3066
G01 X9.4708 Y12.3341
G01 X9.4708 Y12.3617
G01 X9.4433 Y12.3892
G01 X9.4433 Y12.4167
G01 X9.4433 Y12.4442
G01 X9.4158 Y12.4718
G01 X9.4158 Y12.4993
G01 X9.4158 Y12.5268
G01 X9.3882 Y12.5544
G01 X9.3882 Y12.5819
G01 X9.3882 Y12.6094
G01 X9.3607 Y12.6370
G01 X9.3607 Y12.6645
G01 X9.3607 Y12.6920
G01 X9.3607 Y12.7196
G01 X9.3607 Y12.7471
G01 X9.3332 Y12.7746
G01 X9.3332 Y12.8022
G01 X9.3332 Y12.8297
G01 X9.3332 Y12.8572
G01 X9.3332 Y12.8848
G01 X9.3057 Y12.9123
G01 X9.3057 Y12.9398
G01 X9.3057 Y12.9673
G01 X9.3057 Y12.9949
G01 X9.2781 Y13.0224
G01 X9.2781 Y13.0499
G01 X9.2781 Y13.0775
G01 X9.2781 Y13.1050
G01 X9.2506 Y13.1325
G01 X9.2506 Y13.1601
G01 X9.2506 Y13.1876
G01 X9.2231 Y13.2151
G01 X9.2231 Y13.2427
G01 X9.2231 Y13.2702
G01 X9.2231 Y13.2977
G01 X9.2231 Y13.3253
G01 X9.1955 Y13.3528
G01 X9.1955 Y13.3803
G01 X9.1955 Y13.4079
G01 X9.1955 Y13.4354
G01 X9.1955 Y13.4629
G01 X9.1955 Y13.4904
G01 X9.1955 Y13.5180
G01 X9.1955 Y13.5455
G01 X9.1955 Y13.5730
G01 X9.1955 Y13.6006
G01 X9.1955 Y13.6281
G01 X9.2231 Y13.6556
G01 X9.2506 Y13.6556
G01 X9.2781 Y13.6281
G01 X9.3057 Y13.6006
G01 X9.3332 Y13.5730
G01 X9.3332 Y13.5455
G01 X9.3332 Y13.5180
G01 X9.3607 Y13.4904
G01 X9.3607 Y13.4629
G01 X9.3882 Y13.4354
G01 X9.3882 Y13.4079
G01 X9.3882 Y13.3803
G01 X9.4158 Y13.3528
G01 X9.4158 Y13.3253
G01 X9.4433 Y13.2977
G01 X9.4433 Y13.2702
G01 X9.4433 Y13.2427
G01 X9.4708 Y13.2151
G01 X9.4984 Y13.1876
G01 X9.5259 Y13.1601
G01 X9.5259 Y13.1325
G01 X9.5259 Y13.1050
G01 X9.5534 Y13.0775
G01 X9.5534 Y13.0499
G01 X9.5534 Y13.0224
G01 X9.5810 Y12.9949
G01 X9.5534 Y13.0224
G01 X9.5534 Y13.0499
G01 X9.5534 Y13.0775
G01 X9.5259 Y13.1050
G01 X9.5259 Y13.1325
G01 X9.5259 Y13.1601
G01 X9.5259 Y13.1876
G01 X9.5534 Y13.2151
G01 X9.5534 Y13.2427
G01 X9.5534 Y13.2702
G01 X9.5259 Y13.2977
G01 X9.5259 Y13.3253
G01 X9.5259 Y13.3528
G01 X9.5259 Y13.3803
G01 X9.5259 Y13.4079
G01 X9.5259 Y13.4354
G01 X9.5259 Y13.4629
G01 X9.4984 Y13.4904
G01 X9.4984 Y13.5180
G01 X9.4984 Y13.5455
G01 X9.4984 Y13.5730
G01 X9.4984 Y13.6006
G01 X9.4984 Y13.6281
G01 X9.4984 Y13.6556
G01 X9.4984 Y13.6832
G01 X9.4984 Y13.7107
G01 X9.4708 Y13.7382
G01 X9.4708 Y13.7658
G01 X9.4708 Y13.7933
G01 X9.4708 Y13.8208
G01 X9.4708 Y13.8484
G01 X9.4708 Y13.8759
G01 X9.4708 Y13.9034
G01 X9.4708 Y13.9310
G01 X9.4433 Y13.9585
G01 X9.4433 Y13.9860
G01 X9.4433 Y14.0135
G01 X9.4433 Y14.0411
G01 X9.4433 Y14.0686
G01 X9.4433 Y14.0961
G01 X9.4433 Y14.1237
G01 X9.4433 Y14.1512
G01 X9.4158 Y14.1787
G01 X9.4158 Y14.2063
G01 X9.4158 Y14.2338
G01 X9.4158 Y14.2613
G01 X9.4158 Y14.2889
G01 X9.4158 Y14.3164
G01 X9.4158 Y14.3439
G01 X9.4158 Y14.3715
G01 X9.4158 Y14.3990
G01 X9.4158 Y14.4265
G01 X9.4158 Y14.4540
G01 X9.4158 Y14.4816
G01 X9.4158 Y14.5091
G01 X9.4158 Y14.5366
G01 X9.4158 Y14.5642
G01 X9.3882 Y14.5917
G01 X9.3882 Y14.6192
G01 X9.3882 Y14.6468
G01 X9.3882 Y14.6743
G01 X9.3882 Y14.7018
G01 X9.3882 Y14.7294
G01 X9.3882 Y14.7569
G01 X9.3882 Y14.7844
G01 X9.3882 Y14.8120
G01 X9.3882 Y14.8395
G01 X9.3882 Y14.8670
G01 X9.3882 Y14.8946
G01 X9.3882 Y14.9221
G01 X9.3882 Y14.9496
G01 X9.3882 Y14.9771
G01 X9.3882 Y15.0047
G01 X9.3882 Y14.9771
G01 X9.3882 Y14.9496
G01 X9.3882 Y14.9221
G01 X9.3882 Y14.8946
G01 X9.3882 Y14.8670
G01 X9.3882 Y14.8395
G01 X9.3882 Y14.8120
G01 X9.3882 Y14.7844
G01 X9.3882 Y14.7569
G01 X9.3882 Y14.7294
G01 X9.3882 Y14.7018
G01 X9.3882 Y14.6743
G01 X9.3882 Y14.6468
G01 X9.3882 Y14.6192
G01 X9.3882 Y14.5917
G01 X9.4158 Y14.5642
G01 X9.4158 Y14.5366
G01 X9.4158 Y14.5091
G01 X9.4158 Y14.4816
G01 X9.4158 Y14.4540
G01 X9.4158 Y14.4265
G01 X9.4158 Y14.3990
G01 X9.4158 Y14.3715
G01 X9.4158 Y14.3439
G01 X9.4158 Y14.3164
G01 X9.4158 Y14.2889
G01 X9.4158 Y14.2613
G01 X9.4158 Y14.2338
G01 X9.4158 Y14.2063
G01 X9.4158 Y14.1787
G01 X9.4433 Y14.1512
G01 X9.4433 Y14.1237
G01 X9.4433 Y14.0961
G01 X9.4433 Y14.0686
G01 X9.4433 Y14.0411
G01 X9.4433 Y14.0135
G01 X9.4433 Y13.9860
G01 X9.4433 Y13.9585
G01 X9.4708 Y13.9310
G01 X9.4708 Y13.9034
G01 X9.4708 Y13.8759
G01 X9.4708 Y13.8484
G01 X9.4708 Y13.8208
G01 X9.4708 Y13.7933
G01 X9.4708 Y13.7658
G01 X9.4708 Y13.7382
G01 X9.4984 Y13.7107
G01 X9.4984 Y13.6832
G01 X9.4984 Y13.6556
G01 X9.4984 Y13.6281
G01 X9.4984 Y13.6006
G01 X9.4984 Y13.5730
G01 X9.4984 Y13.5455
G01 X9.4984 Y13.5180
G01 X9.4984 Y13.4904
G01 X9.5259 Y13.4629
G01 X9.5259 Y13.4354
G01 X9.5259 Y13.4079
G01 X9.5259 Y13.3803
G01 X9.5259 Y13.3528
G01 X9.4984 Y13.3253
G01 X9.4708 Y13.2977
G01 X9.4433 Y13.2977
G01 X9.4158 Y13.3253
G01 X9.4158 Y13.3528
G01 X9.3882 Y13.3803
G01 X9.3882 Y13.4079
G01 X9.3882 Y13.4354
G01 X9.3607 Y13.4629
G01 X9.3607 Y13.4904
G01 X9.3332 Y13.5180
G01 X9.3332 Y13.5455
G01 X9.3332 Y13.5730
G01 X9.3057 Y13.6006
G01 X9.2781 Y13.6281
G01 X9.2506 Y13.6556
G01 X9.2231 Y13.6556
G01 X9.1955 Y13.6281
G01 X9.1955 Y13.6006
G01 X9.1955 Y13.5730
G01 X9.1955 Y13.5455
G01 X9.1955 Y13.5180
G01 X9.1955 Y13.4904
G01 X9.1955 Y13.4629
G01 X9.1955 Y13.4354
G01 X9.1955 Y13.4079
G01 X9.1955 Y13.3803
G01 X9.1955 Y13.3528
G01 X9.2231 Y13.3253
G01 X9.2231 Y13.2977
G01 X9.2231 Y13.2702
G01 X9.2231 Y13.2427
G01 X9.2231 Y13.2151
G01 X9.2506 Y13.1876
G01 X9.2506 Y13.1601
G01 X9.2506 Y13.1325
G01 X9.2781 Y13.1050
G01 X9.2781 Y13.0775
G01 X9.2781 Y13.0499
G01 X9.2781 Y13.0224
G01 X9.3057 Y12.9949
G01 X9.3057 Y12.9673
G01 X9.3057 Y12.9398
G01 X9.3057 Y12.9123
G01 X9.3332 Y12.8848
G01 X9.3332 Y12.8572
G01 X9.3332 Y12.8297
G01 X9.3332 Y12.8022
G01 X9.3332 Y12.7746
G01 X9.3607 Y12.7471
G01 X9.3607 Y12.7196
G01 X9.3607 Y12.6920
G01 X9.3607 Y12.6645
G01 X9.3607 Y12.6370
G01 X9.3882 Y12.6094
G01 X9.3882 Y12.5819
G01 X9.3882 Y12.5544
G01 X9.4158 Y12.5268
G01 X9.4158 Y12.4993
G01 X9.4158 Y12.4718
G01 X9.4433 Y12.4442
G01 X9.4433 Y12.4167
G01 X9.4433 Y12.3892
G01 X9.4708 Y12.3617
G01 X9.4708 Y12.3341
G01 X9.4984 Y12.3066
G01 X9.4984 Y12.2791
G01 X9.4984 Y12.2515
G01 X9.5259 Y12.2240
G01 X9.5259 Y12.1965
G01 X9.5259 Y12.1689
G01 X9.5534 Y12.1414
G01 X9.5534 Y12.1139
G01 X9.5810 Y12.0863
G01 X9.6085 Y12.0863
G01 X9.6360 Y12.0588
G01 X9.6360 Y12.0313
G01 X9.6636 Y12.0037
G01 X9.6360 Y11.9762
G01 X9.6360 Y11.9487
G01 X9.6360 Y11.9211
G01 X9.6085 Y11.8936
G01 X9.6085 Y11.8661
G01 X9.6085 Y11.8386
G01 X9.6085 Y11.8110
G01 X9.5810 Y11.7835
G01 X9.5810 Y11.7560
G01 X9.5810 Y11.7284
G01 X9.5810 Y11.7009
G01 X9.5534 Y11.6734
G01 X9.5534 Y11.6458
G01 X9.5534 Y11.6183
G01 X9.5259 Y11.5908
G01 X9.5259 Y11.5632
G01 X9.5259 Y11.5357
G01 X9.5259 Y11.5082
G01 X9.5259 Y11.4806
G01 X9.4984 Y11.4531
G01 X9.4984 Y11.4256
G01 X9.4984 Y11.3981
G01 X9.4984 Y11.3705
G01 X9.4984 Y11.3430
G01 X9.4708 Y11.3155
G01 X9.4708 Y11.2879
G01 X9.4708 Y11.2604
G01 X9.4708 Y11.2329
G01 X9.4433 Y11.2053
G01 X9.4433 Y11.1778
G01 X9.4433 Y11.1503
G01 X9.4433 Y11.1227
G01 X9.4433 Y11.0952
G01 X9.4158 Y11.0677
G01 X9.4158 Y11.0401
G01 X9.3882 Y11.0126
G01 X9.3607 Y11.0126
G01 X9.3332 Y11.0126
G01 X9.3057 Y11.0126
G01 X9.2781 Y11.0126
G01 X9.2506 Y11.0126
G01 X9.2231 Y11.0126
G01 X9.1955 Y11.0126
G01 X9.1680 Y11.0126
G01 X9.1405 Y11.0126
G01 X9.1129 Y11.0126
G01 X9.0854 Y11.0126
G01 X9.0579 Y11.0126
G01 X9.0303 Y11.0126
G01 X9.0028 Y11.0401
G01 X8.9753 Y11.0677
G01 X8.9477 Y11.0952
G01 X8.9202 Y11.1227
G01 X8.8927 Y11.1503
G01 X8.8652 Y11.1778
G01 X8.8376 Y11.2053
G01 X8.8101 Y11.2329
G01 X8.7826 Y11.2604
G01 X8.7826 Y11.2879
G01 X8.7550 Y11.3155
G01 X8.7275 Y11.3430
G01 X8.7000 Y11.3705
G01 X8.7000 Y11.3981
G01 X8.6724 Y11.4256
G01 X8.6449 Y11.4531
G01 X8.6449 Y11.4806
G01 X8.6174 Y11.5082
G01 X8.6174 Y11.5357
G01 X8.6174 Y11.5632
G01 X8.5898 Y11.5908
G01 X8.5898 Y11.6183
G01 X8.5623 Y11.6458
G01 X8.5623 Y11.6734
G01 X8.5623 Y11.7009
G01 X8.5348 Y11.7284
G01 X8.5348 Y11.7560
G01 X8.5348 Y11.7835
G01 X8.5072 Y11.8110
G01 X8.5072 Y11.8386
G01 X8.4797 Y11.8661
G01 X8.4797 Y11.8936
G01 X8.4797 Y11.9211
G01 X8.4522 Y11.9487
G01 X8.4522 Y11.9762
G01 X8.4246 Y12.0037
G01 X8.4246 Y12.0313
G01 X8.3971 Y12.0588
G01 X8.3971 Y12.0863
G01 X8.3971 Y12.1139
G01 X8.3696 Y12.1414
G01 X8.3421 Y12.1689
G01 X8.3145 Y12.1689
G01 X8.2870 Y12.1689
G01 X8.2595 Y12.1414
G01 X8.2595 Y12.1139
G01 X8.2319 Y12.0863
G01 X8.2319 Y12.0588
G01 X8.2044 Y12.0313
G01 X8.2044 Y12.0037
G01 X8.1769 Y11.9762
G01 X8.1769 Y11.9487
G01 X8.1769 Y11.9211
G01 X8.1769 Y11.8936
G01 X8.1769 Y11.8661
G01 X8.1769 Y11.8386
G01 X8.1769 Y11.8110
G01 X8.1769 Y11.7835
G01 X8.2044 Y11.7560
G01 X8.2319 Y11.7560
G01 X8.2595 Y11.7560
G01 X8.2870 Y11.7560
G01 X8.3145 Y11.7560
G01 X8.3421 Y11.7560
G01 X8.3696 Y11.7284
G01 X8.3421 Y11.7560
G01 X8.3145 Y11.7560
G01 X8.2870 Y11.7560
G01 X8.2595 Y11.7560
G01 X8.2319 Y11.7560
G01 X8.2044 Y11.7560
G01 X8.1769 Y11.7835
G01 X8.1769 Y11.8110
G01 X8.1769 Y11.8386
G01 X8.1769 Y11.8661
G01 X8.1769 Y11.8936
G01 X8.1769 Y11.9211
G01 X8.1769 Y11.9487
G01 X8.1769 Y11.9762
G01 X8.2044 Y12.0037
G01 X8.2044 Y12.0313
G01 X8.2319 Y12.0588
G01 X8.2319 Y12.0863
G01 X8.2595 Y12.1139
G01 X8.2595 Y12.1414
G01 X8.2870 Y12.1689
G01 X8.3145 Y12.1689
G01 X8.3421 Y12.1689
G01 X8.3696 Y12.1414
G01 X8.3971 Y12.1139
G01 X8.3971 Y12.0863
G01 X8.3971 Y12.0588
G01 X8.4246 Y12.0313
G01 X8.4246 Y12.0037
G01 X8.4522 Y11.9762
G01 X8.4522 Y11.9487
G01 X8.4797 Y11.9211
G01 X8.4797 Y11.8936
G01 X8.4797 Y11.8661
G01 X8.5072 Y11.8386
G01 X8.5072 Y11.8110
G01 X8.5348 Y11.7835
G01 X8.5348 Y11.7560
G01 X8.5348 Y11.7284
G01 X8.5623 Y11.7009
G01 X8.5623 Y11.6734
G01 X8.5623 Y11.6458
G01 X8.5898 Y11.6183
G01 X8.5898 Y11.5908
G01 X8.6174 Y11.5632
G01 X8.6174 Y11.5357
G01 X8.6174 Y11.5082
G01 X8.6449 Y11.4806
G01 X8.6449 Y11.4531
G01 X8.6724 Y11.4256
G01 X8.7000 Y11.3981
G01 X8.7000 Y11.3705
G01 X8.7275 Y11.3430
G01 X8.7550 Y11.3155
G01 X8.7826 Y11.2879
G01 X8.7826 Y11.2604
G01 X8.8101 Y11.2329
G01 X8.8376 Y11.2053
G01 X8.8652 Y11.1778
G01 X8.8927 Y11.1503
G01 X8.9202 Y11.1227
G01 X8.9477 Y11.0952
G01 X8.9753 Y11.0677
G01 X9.0028 Y11.0401
G01 X9.0303 Y11.0126
G01 X9.0579 Y11.0126
G01 X9.0854 Y11.0126
G01 X9.1129 Y11.0126
G01 X9.1405 Y11.0126
G01 X9.1680 Y11.0126
G01 X9.1955 Y11.0126
G01 X9.2231 Y11.0126
G01 X9.2506 Y11.0126
G01 X9.2781 Y11.0126
G01 X9.3057 Y11.0126
G01 X9.3332 Y11.0126
G01 X9.3607 Y11.0126
G01 X9.3882 Y10.9851
G01 X9.3882 Y10.9575
G01 X9.3882 Y10.9300
G01 X9.3882 Y10.9025
G01 X9.3607 Y10.8750
G01 X9.3607 Y10.8474
G01 X9.3332 Y10.8199
G01 X9.3332 Y10.7924
G01 X9.3057 Y10.7648
G01 X9.3057 Y10.7373
G01 X9.3057 Y10.7098
G01 X9.2781 Y10.6822
G01 X9.2781 Y10.6547
G01 X9.2781 Y10.6272
G01 X9.2506 Y10.5996
G01 X9.2781 Y10.6272
G01 X9.2781 Y10.6547
G01 X9.2781 Y10.6822
G01 X9.3057 Y10.7098
G01 X9.3057 Y10.7373
G01 X9.3057 Y10.7648
G01 X9.3332 Y10.7924
G01 X9.3332 Y10.8199
G01 X9.3607 Y10.8474
G01 X9.3607 Y10.8750
G01 X9.3882 Y10.9025
G01 X9.3882 Y10.9300
G01 X9.3882 Y10.9575
G01 X9.3882 Y10.9851
G01 X9.3882 Y11.0126
G01 X9.4158 Y11.0401
G01 X9.4158 Y11.0677
G01 X9.4433 Y11.0952
G01 X9.4433 Y11.1227
G01 X9.4433 Y11.1503
G01 X9.4433 Y11.1778
G01 X9.4433 Y11.2053
G01 X9.4708 Y11.2329
G01 X9.4708 Y11.2604
G01 X9.4708 Y11.2879
G01 X9.4708 Y11.3155
G01 X9.4984 Y11.3430
G01 X9.4984 Y11.3705
G01 X9.4984 Y11.3981
G01 X9.4984 Y11.4256
G01 X9.4984 Y11.4531
G01 X9.5259 Y11.4806
G01 X9.5259 Y11.5082
G01 X9.5259 Y11.5357
G01 X9.5259 Y11.5632
G01 X9.5259 Y11.5908
G01 X9.5534 Y11.6183
G01 X9.5534 Y11.6458
G01 X9.5534 Y11.6734
G01 X9.5810 Y11.7009
G01 X9.5810 Y11.7284
G01 X9.5810 Y11.7560
G01 X9.5810 Y11.7835
G01 X9.6085 Y11.8110
G01 X9.6085 Y11.8386
G01 X9.6085 Y11.8661
G01 X9.6085 Y11.8936
G01 X9.6360 Y11.9211
G01 X9.6360 Y11.9487
G01 X9.6360 Y11.9762
G01 X9.6636 Y12.0037
G01 X9.6360 Y12.0313
G01 X9.6360 Y12.0588
G01 X9.6360 Y12.0863
G01 X9.6636 Y12.1139
G01 X9.6636 Y12.1414
G01 X9.6636 Y12.1689
G01 X9.6636 Y12.1965
G01 X9.6911 Y12.2240
G01 X9.6911 Y12.2515
G01 X9.6911 Y12.2791
G01 X9.6911 Y12.3066
G01 X9.6911 Y12.3341
G01 X9.6911 Y12.3617
G01 X9.6911 Y12.3892
G01 X9.7186 Y12.4167
G01 X9.7186 Y12.4442
G01 X9.7186 Y12.4718
G01 X9.7186 Y12.4993
G01 X9.7186 Y12.5268
G01 X9.7186 Y12.5544
G01 X9.7462 Y12.5819
G01 X9.7462 Y12.6094
G01 X9.7462 Y12.6370
G01 X9.7462 Y12.6645
G01 X9.7462 Y12.6920
G01 X9.7462 Y12.7196
G01 X9.7462 Y12.7471
G01 X9.7462 Y12.7746
G01 X9.7462 Y12.8022
G01 X9.7462 Y12.8297
G01 X9.7462 Y12.8572
G01 X9.7462 Y12.8848
G01 X9.7462 Y12.9123
G01 X9.7462 Y12.9398
G01 X9.7462 Y12.9673
G01 X9.7737 Y12.9949
G01 X9.7737 Y13.0224
G01 X9.7737 Y13.0499
G01 X9.7737 Y13.0775
G01 X9.7737 Y13.1050
G01 X9.7737 Y13.1325
G01 X9.7737 Y13.1601
G01 X9.7737 Y13.1876
G01 X9.7737 Y13.2151
G01 X9.7737 Y13.2427
G01 X9.7737 Y13.2702
G01 X9.7737 Y13.2977
G01 X9.7737 Y13.3253
G01 X9.7737 Y13.3528
G01 X9.7737 Y13.3803
G01 X9.7737 Y13.4079
G01 X9.7737 Y13.4354
G01 X9.7737 Y13.4629
G01 X9.7737 Y13.4904
G01 X9.7737 Y13.5180
G01 X9.7737 Y13.5455
G01 X9.8012 Y13.5730
G01 X9.8012 Y13.6006
G01 X9.8012 Y13.6281
G01 X9.8012 Y13.6556
G01 X9.8012 Y13.6832
G01 X9.8012 Y13.7107
G01 X9.8012 Y13.7382
G01 X9.8012 Y13.7658
G01 X9.8012 Y13.7933
G01 X9.8012 Y13.8208
G01 X9.8012 Y13.8484
G01 X9.8012 Y13.8759
G01 X9.8012 Y13.9034
G01 X9.8012 Y13.9310
G01 X9.8012 Y13.9585
G01 X9.8012 Y13.9860
G01 X9.8012 Y14.0135
G01 X9.8012 Y14.0411
G01 X9.8012 Y14.0686
G01 X9.8012 Y14.0961
G01 X9.8012 Y14.1237
G01 X9.8012 Y14.1512
G01 X9.8012 Y14.1787
G01 X9.8012 Y14.2063
G01 X9.8012 Y14.2338
G01 X9.8012 Y14.2613
G01 X9.8012 Y14.2889
G01 X9.8012 Y14.3164
G01 X9.8012 Y14.3439
G01 X9.8288 Y14.3715
G01 X9.8288 Y14.3990
G01 X9.8288 Y14.4265
G01 X9.8288 Y14.4540
G01 X9.8288 Y14.4816
G01 X9.8288 Y14.5091
G01 X9.8288 Y14.5366
G01 X9.8288 Y14.5642
G01 X9.8288 Y14.5917
G01 X9.8288 Y14.6192
G01 X9.8288 Y14.6468
G01 X9.8288 Y14.6743
G01 X9.8288 Y14.7018
G01 X9.8288 Y14.7294
G01 X9.8288 Y14.7569
G01 X9.8288 Y14.7844
G01 X9.8288 Y14.8120
G01 X9.8288 Y14.8395
G01 X9.8288 Y14.8670
G01 X9.8288 Y14.8946
G01 X9.8288 Y14.9221
G01 X9.8288 Y14.9496
G01 X9.8288 Y14.9771
G01 X9.8563 Y15.0047
G01 X9.8563 Y15.0322
G01 X9.8563 Y15.0597
G01 X9.8563 Y15.0873
G01 X9.8563 Y15.1148
G01 X9.8563 Y15.1423
G01 X9.8563 Y15.1699
G01 X9.8563 Y15.1974
G01 X9.8563 Y15.2249
G01 X9.8563 Y15.2525
G01 X9.8563 Y15.2800
G01 X9.8563 Y15.3075
G01 X9.8563 Y15.3351
G01 X9.8563 Y15.3626
G01 X9.8563 Y15.3901
G01 X9.8563 Y15.4177
G01 X9.8563 Y15.4452
G01 X9.8563 Y15.4727
G01 X9.8563 Y15.5002
G01 X9.8563 Y15.5278
G01 X9.8563 Y15.5553
G01 X9.8563 Y15.5828
G01 X9.8563 Y15.6104
G01 X9.8563 Y15.6379
G01 X9.8563 Y15.6654
G01 X9.8563 Y15.6930
G01 X9.8563 Y15.7205
G01 X9.8563 Y15.7480
G01 X9.8563 Y15.7756
G01 X9.8563 Y15.8031
G01 X9.8288 Y15.8306
G01 X9.8288 Y15.8582
G01 X9.8288 Y15.8857
G01 X9.8288 Y15.9132
G01 X9.8288 Y15.9408
G01 X9.8288 Y15.9683
G01 X9.8288 Y15.9958
G01 X9.8288 Y16.0233
G01 X9.8288 Y16.0509
G01 X9.8288 Y16.0784
G01 X9.8012 Y16.1059
G01 X9.8012 Y16.1335
G01 X9.8012 Y16.1610
G01 X9.8012 Y16.1885
G01 X9.8012 Y16.2161
G01 X9.8012 Y16.2436
G01 X9.8012 Y16.2711
G01 X9.7737 Y16.2987
G01 X9.7737 Y16.3262
G01 X9.7737 Y16.3537
G01 X9.7737 Y16.3813
G01 X9.7737 Y16.4088
G01 X9.7462 Y16.4363
G01 X9.7462 Y16.4639
G01 X9.7186 Y16.4914
G01 X9.7186 Y16.5189
G01 X9.6911 Y16.5464
G01 X9.6911 Y16.5740
G01 X9.6911 Y16.6015
G01 X9.6636 Y16.6290
M3 S30 ; PEN UP
G00 X9.3607 Y15.2800
M3 S50 ; PEN DOWN
G01 X9.3607 Y15.2525
G01 X9.3607 Y15.2249
G01 X9.3607 Y15.1974
G01 X9.3607 Y15.1699
G01 X9.3882 Y15.1423
G01 X9.3882 Y15.1148
G01 X9.3882 Y15.1423
G01 X9.3607 Y15.1699
G01 X9.3607 Y15.1974
G01 X9.3607 Y15.2249
G01 X9.3607 Y15.2525
M3 S30 ; PEN UP
G00 X9.0854 Y14.5642
M3 S50 ; PEN DOWN
G01 X9.0854 Y14.5366
G01 X9.0579 Y14.5091
G01 X9.0579 Y14.4816
G01 X9.0854 Y14.4540
G01 X9.0854 Y14.4265
G01 X9.0854 Y14.3990
G01 X9.0854 Y14.3715
G01 X9.0854 Y14.3990
G01 X9.0854 Y14.4265
G01 X9.0854 Y14.4540
G01 X9.0579 Y14.4816
G01 X9.0579 Y14.5091
G01 X9.0854 Y14.5366
M3 S30 ; PEN UP
G00 X8.8376 Y14.5366
M3 S50 ; PEN DOWN
G01 X8.8101 Y14.5091
G01 X8.8101 Y14.4816
G01 X8.8101 Y14.4540
G01 X8.8101 Y14.4265
G01 X8.8101 Y14.3990
G01 X8.8101 Y14.3715
G01 X8.8101 Y14.3439
G01 X8.8101 Y14.3164
G01 X8.8101 Y14.2889
G01 X8.8376 Y14.2613
G01 X8.8376 Y14.2338
G01 X8.8376 Y14.2063
G01 X8.8376 Y14.1787
G01 X8.8376 Y14.1512
G01 X8.8376 Y14.1237
G01 X8.8376 Y14.0961
G01 X8.8652 Y14.0686
G01 X8.8652 Y14.0411
G01 X8.8652 Y14.0135
G01 X8.8652 Y13.9860
G01 X8.8652 Y13.9585
G01 X8.8652 Y13.9310
G01 X8.8927 Y13.9034
G01 X8.8927 Y13.8759
G01 X8.8927 Y13.8484
G01 X8.8927 Y13.8208
G01 X8.8927 Y13.7933
G01 X8.8927 Y13.7658
G01 X8.8927 Y13.7382
G01 X8.9202 Y13.7107
G01 X8.9202 Y13.6832
G01 X8.9202 Y13.6556
G01 X8.9202 Y13.6281
G01 X8.9202 Y13.6006
G01 X8.9202 Y13.5730
G01 X8.9202 Y13.5455
G01 X8.9477 Y13.5180
G01 X8.9477 Y13.4904
G01 X8.9477 Y13.4629
G01 X8.9477 Y13.4354
G01 X8.9477 Y13.4079
G01 X8.9477 Y13.3803
G01 X8.9753 Y13.3528
G01 X8.9753 Y13.3253
G01 X8.9753 Y13.2977
G01 X8.9753 Y13.2702
G01 X8.9753 Y13.2427
G01 X8.9753 Y13.2151
G01 X8.9753 Y13.1876
G01 X9.0028 Y13.1601
G01 X9.0028 Y13.1325
G01 X9.0028 Y13.1050
G01 X9.0028 Y13.0775
G01 X9.0028 Y13.0499
G01 X9.0303 Y13.0224
G01 X9.0303 Y12.9949
G01 X9.0303 Y12.9673
G01 X9.0303 Y12.9398
G01 X9.0303 Y12.9123
G01 X9.0303 Y12.8848
G01 X9.0303 Y12.8572
G01 X9.0303 Y12.8297
G01 X9.0303 Y12.8022
G01 X9.0303 Y12.7746
G01 X9.0303 Y12.7471
G01 X9.0303 Y12.7196
G01 X9.0579 Y12.6920
G01 X9.0579 Y12.6645
G01 X9.0579 Y12.6370
G01 X9.0579 Y12.6094
G01 X9.0579 Y12.5819
G01 X9.0579 Y12.5544
G01 X9.0579 Y12.5268
G01 X9.0579 Y12.4993
G01 X9.0579 Y12.4718
G01 X9.0303 Y12.4442
G01 X9.0303 Y12.4167
G01 X9.0303 Y12.3892
G01 X9.0303 Y12.3617
G01 X9.0303 Y12.3341
G01 X9.0303 Y12.3066
G01 X9.0303 Y12.2791
G01 X9.0303 Y12.2515
G01 X9.0303 Y12.2240
G01 X9.0303 Y12.1965
G01 X9.0303 Y12.1689
G01 X9.0303 Y12.1414
G01 X9.0303 Y12.1139
G01 X9.0303 Y12.0863
G01 X9.0303 Y12.0588
G01 X9.0579 Y12.0313
G01 X9.0579 Y12.0037
G01 X9.0579 Y11.9762
G01 X9.0579 Y11.9487
G01 X9.0854 Y11.9211
G01 X9.0854 Y11.8936
G01 X9.0854 Y11.8661
G01 X9.1129 Y11.8386
G01 X9.1129 Y11.8110
G01 X9.1129 Y11.7835
G01 X9.1129 Y11.7560
G01 X9.1405 Y11.7284
G01 X9.1129 Y11.7560
G01 X9.1129 Y11.7835
G01 X9.1129 Y11.8110
G01 X9.1129 Y11.8386
G01 X9.0854 Y11.8661
G01 X9.0854 Y11.8936
G01 X9.0854 Y11.9211
G01 X9.0579 Y11.9487
G01 X9.0579 Y11.9762
G01 X9.0579 Y12.0037
G01 X9.0579 Y12.0313
G01 X9.0303 Y12.0588
G01 X9.0303 Y12.0863
G01 X9.0303 Y12.1139
G01 X9.0303 Y12.1414
G01 X9.0303 Y12.1689
G01 X9.0303 Y12.1965
G01 X9.0303 Y12.2240
G01 X9.0303 Y12.2515
G01 X9.0303 Y12.2791
G01 X9.0303 Y12.3066
G01 X9.0303 Y12.3341
G01 X9.0303 Y12.3617
G01 X9.0303 Y12.3892
G01 X9.0303 Y12.4167
G01 X9.0303 Y12.4442
G01 X9.0579 Y12.4718
G01 X9.0579 Y12.4993
G01 X9.0579 Y12.5268
G01 X9.0579 Y12.5544
G01 X9.0579 Y12.5819
G01 X9.0579 Y12.6094
G01 X9.0854 Y12.6370
G01 X9.1129 Y12.6370
G01 X9.1405 Y12.6094
G01 X9.1680 Y12.5819
G01 X9.1680 Y12.5544
G01 X9.1955 Y12.5268
G01 X9.1955 Y12.4993
G01 X9.1955 Y12.4718
G01 X9.1955 Y12.4442
G01 X9.2231 Y12.4167
G01 X9.2231 Y12.3892
G01 X9.2506 Y12.3617
G01 X9.2506 Y12.3341
G01 X9.2506 Y12.3066
G01 X9.2781 Y12.2791
G01 X9.2781 Y12.2515
G01 X9.3057 Y12.2240
G01 X9.3057 Y12.1965
G01 X9.3057 Y12.1689
G01 X9.3057 Y12.1965
G01 X9.3057 Y12.2240
G01 X9.2781 Y12.2515
G01 X9.2781 Y12.2791
G01 X9.2506 Y12.3066
G01 X9.2506 Y12.3341
G01 X9.2506 Y12.3617
G01 X9.2231 Y12.3892
G01 X9.2231 Y12.4167
G01 X9.1955 Y12.4442
G01 X9.1955 Y12.4718
G01 X9.1955 Y12.4993
G01 X9.1955 Y12.5268
G01 X9.1680 Y12.5544
G01 X9.1680 Y12.5819
G01 X9.1405 Y12.6094
G01 X9.1129 Y12.6370
G01 X9.0854 Y12.6370
G01 X9.0579 Y12.6645
G01 X9.0579 Y12.6920
G01 X9.0303 Y12.7196
G01 X9.0303 Y12.7471
G01 X9.0303 Y12.7746
G01 X9.0303 Y12.8022
G01 X9.0303 Y12.8297
G01 X9.0303 Y12.8572
G01 X9.0303 Y12.8848
G01 X9.0303 Y12.9123
G01 X9.0303 Y12.9398
G01 X9.0303 Y12.9673
G01 X9.0303 Y12.9949
G01 X9.0303 Y13.0224
G01 X9.0028 Y13.0499
G01 X9.0028 Y13.0775
G01 X9.0028 Y13.1050
G01 X9.0028 Y13.1325
G01 X9.0028 Y13.1601
G01 X8.9753 Y13.1876
G01 X8.9753 Y13.2151
G01 X8.9753 Y13.2427
G01 X8.9753 Y13.2702
G01 X8.9753 Y13.2977
G01 X8.9753 Y13.3253
G01 X8.9753 Y13.3528
G01 X8.9477 Y13.3803
G01 X8.9477 Y13.4079
G01 X8.9477 Y13.4354
G01 X8.9477 Y13.4629
G01 X8.9477 Y13.4904
G01 X8.9477 Y13.5180
G01 X8.9202 Y13.5455
G01 X8.9202 Y13.5730
G01 X8.9202 Y13.6006
G01 X8.9202 Y13.6281
G01 X8.9202 Y13.6556
G01 X8.9202 Y13.6832
G01 X8.9202 Y13.7107
G01 X8.8927 Y13.7382
G01 X8.8927 Y13.7658
G01 X8.8927 Y13.7933
G01 X8.8927 Y13.8208
G01 X8.8927 Y13.8484
G01 X8.8927 Y13.8759
G01 X8.8927 Y13.9034
G01 X8.8652 Y13.9310
G01 X8.8652 Y13.9585
G01 X8.8652 Y13.9860
G01 X8.8652 Y14.0135
G01 X8.8652 Y14.0411
G01 X8.8652 Y14.0686
G01 X8.8376 Y14.0961
G01 X8.8376 Y14.1237
G01 X8.8376 Y14.1512
G01 X8.8376 Y14.1787
G01 X8.8376 Y14.2063
G01 X8.8376 Y14.2338
G01 X8.8376 Y14.2613
G01 X8.8101 Y14.2889
G01 X8.8101 Y14.3164
G01 X8.8101 Y14.3439
G01 X8.8101 Y14.3715
G01 X8.8101 Y14.3990
G01 X8.8101 Y14.4265
G01 X8.8101 Y14.4540
G01 X8.8101 Y14.4816
G01 X8.8101 Y14.5091
M3 S30 ; PEN UP
G00 X6.6902 Y7.2683
M3 S50 ; PEN DOWN
G01 X6.6626 Y7.2408
G01 X6.6351 Y7.2133
G01 X6.6076 Y7.2133
G01 X6.5800 Y7.2133
G01 X6.5525 Y7.2133
G01 X6.5250 Y7.1857
G01 X6.4974 Y7.1582
G01 X6.4699 Y7.1307
G01 X6.4424 Y7.1031
G01 X6.4424 Y7.0756
G01 X6.4148 Y7.0481
G01 X6.4148 Y7.0205
G01 X6.3873 Y6.9930
G01 X6.4148 Y7.0205
G01 X6.4148 Y7.0481
G01 X6.4424 Y7.0756
G01 X6.4424 Y7.1031
G01 X6.4699 Y7.1307
G01 X6.4974 Y7.1582
G01 X6.5250 Y7.1857
G01 X6.5525 Y7.2133
G01 X6.5800 Y7.2133
G01 X6.6076 Y7.2133
G01 X6.6351 Y7.2133
G01 X6.6626 Y7.2408
M3 S30 ; PEN UP
G00 X6.3598 Y6.8829
M3 S50 ; PEN DOWN
G01 X6.3598 Y6.8553
G01 X6.3598 Y6.8278
G01 X6.3598 Y6.8003
G01 X6.3598 Y6.7728
G01 X6.3598 Y6.8003
G01 X6.3598 Y6.8278
G01 X6.3598 Y6.8553
M3 S30 ; PEN UP
G00 X6.3323 Y6.6626
M3 S50 ; PEN DOWN
G01 X6.3323 Y6.6351
G01 X6.3047 Y6.6076
G01 X6.3047 Y6.5800
G01 X6.2772 Y6.5525
G01 X6.2772 Y6.5250
G01 X6.2497 Y6.4974
G01 X6.2221 Y6.4699
G01 X6.2221 Y6.4424
G01 X6.1946 Y6.4148
G01 X6.1946 Y6.3873
G01 X6.1671 Y6.3598
G01 X6.1671 Y6.3323
G01 X6.1395 Y6.3047
G01 X6.1120 Y6.2772
G01 X6.0845 Y6.2497
G01 X6.0569 Y6.2221
G01 X6.0294 Y6.1946
G01 X6.0019 Y6.1671
G01 X5.9743 Y6.1671
G01 X5.9468 Y6.1395
G01 X5.9193 Y6.1395
G01 X5.8917 Y6.1395
G01 X5.8642 Y6.1395
G01 X5.8367 Y6.1395
G01 X5.8092 Y6.1395
G01 X5.7816 Y6.1671
G01 X5.7541 Y6.1946
G01 X5.7541 Y6.2221
G01 X5.7541 Y6.2497
G01 X5.7541 Y6.2772
G01 X5.7541 Y6.3047
G01 X5.7266 Y6.3323
G01 X5.7266 Y6.3598
G01 X5.7266 Y6.3323
G01 X5.7541 Y6.3047
G01 X5.7541 Y6.2772
G01 X5.7541 Y6.2497
G01 X5.7541 Y6.2221
G01 X5.7541 Y6.1946
G01 X5.7816 Y6.1671
G01 X5.8092 Y6.1395
G01 X5.8367 Y6.1395
G01 X5.8642 Y6.1395
G01 X5.8917 Y6.1395
G01 X5.9193 Y6.1395
G01 X5.9468 Y6.1395
G01 X5.9743 Y6.1671
G01 X6.0019 Y6.1671
G01 X6.0294 Y6.1946
G01 X6.0569 Y6.2221
G01 X6.0845 Y6.2497
G01 X6.1120 Y6.2772
G01 X6.1395 Y6.3047
G01 X6.1671 Y6.3323
G01 X6.1671 Y6.3598
G01 X6.1946 Y6.3873
G01 X6.1946 Y6.4148
G01 X6.2221 Y6.4424
G01 X6.2221 Y6.4699
G01 X6.2497 Y6.4974
G01 X6.2772 Y6.5250
G01 X6.2772 Y6.5525
G01 X6.3047 Y6.5800
G01 X6.3047 Y6.6076
G01 X6.3323 Y6.6351
M3 S30 ; PEN UP
G00 X6.3598 Y6.3323
M3 S50 ; PEN DOWN
G01 X6.3323 Y6.3047
G01 X6.3323 Y6.2772
G01 X6.3323 Y6.3047
M3 S30 ; PEN UP
G00 X6.0019 Y6.7728
M3 S50 ; PEN DOWN
G01 X6.0019 Y6.7452
G01 X6.0019 Y6.7177
G01 X6.0019 Y6.6902
G01 X6.0019 Y6.6626
G01 X5.9743 Y6.6351
G01 X5.9743 Y6.6076
G01 X5.9743 Y6.5800
G01 X5.9743 Y6.5525
G01 X5.9743 Y6.5250
G01 X5.9743 Y6.5525
G01 X5.9743 Y6.5800
G01 X5.9743 Y6.6076
G01 X5.9743 Y6.6351
G01 X6.0019 Y6.6626
G01 X6.0019 Y6.6902
G01 X6.0019 Y6.7177
G01 X6.0019 Y6.7452
G01 X6.0019 Y6.7728
G01 X6.0019 Y6.8003
M3 S30 ; PEN UP
G00 X5.8092 Y6.9930
M3 S50 ; PEN DOWN
G01 X5.7816 Y6.9655
G01 X5.7541 Y6.9379
G01 X5.7541 Y6.9104
G01 X5.7541 Y6.8829
G01 X5.7541 Y6.8553
G01 X5.7541 Y6.8278
G01 X5.7541 Y6.8003
G01 X5.7266 Y6.7728
G01 X5.7266 Y6.7452
G01 X5.7266 Y6.7177
G01 X5.7266 Y6.6902
G01 X5.7266 Y6.6626
G01 X5.7266 Y6.6351
G01 X5.7266 Y6.6076
G01 X5.7266 Y6.6351
G01 X5.7266 Y6.6626
G01 X5.7266 Y6.6902
G01 X5.7266 Y6.7177
G01 X5.7266 Y6.7452
G01 X5.7266 Y6.7728
G01 X5.7541 Y6.8003
G01 X5.7541 Y6.8278
G01 X5.7541 Y6.8553
G01 X5.7541 Y6.8829
G01 X5.7541 Y6.9104
G01 X5.7541 Y6.9379
G01 X5.7816 Y6.9655
M3 S30 ; PEN UP
G00 X5.4512 Y6.7452
M3 S50 ; PEN DOWN
G01 X5.4512 Y6.7177
G01 X5.4512 Y6.6902
G01 X5.4512 Y6.6626
G01 X5.4512 Y6.6351
G01 X5.4512 Y6.6076
G01 X5.4512 Y6.5800
G01 X5.4512 Y6.5525
G01 X5.4512 Y6.5250
G01 X5.4512 Y6.5525
G01 X5.4512 Y6.5800
G01 X5.4512 Y6.6076
G01 X5.4512 Y6.6351
G01 X5.4512 Y6.6626
G01 X5.4512 Y6.6902
G01 X5.4512 Y6.7177
M3 S30 ; PEN UP
G00 X5.3411 Y6.6626
M3 S50 ; PEN DOWN
G01 X5.3411 Y6.6351
G01 X5.3411 Y6.6076
G01 X5.3411 Y6.5800
G01 X5.3411 Y6.5525
G01 X5.3411 Y6.5250
G01 X5.3411 Y6.4974
G01 X5.3411 Y6.4699
G01 X5.3136 Y6.4424
G01 X5.3411 Y6.4699
G01 X5.3411 Y6.4974
G01 X5.3411 Y6.5250
G01 X5.3411 Y6.5525
G01 X5.3411 Y6.5800
G01 X5.3411 Y6.6076
G01 X5.3411 Y6.6351
M3 S30 ; PEN UP
G00 X5.4512 Y6.4424
M3 S50 ; PEN DOWN
G01 X5.4788 Y6.4424
M3 S30 ; PEN UP
G00 X5.4237 Y6.2772
M3 S50 ; PEN DOWN
G01 X5.4237 Y6.2497
G01 X5.3962 Y6.2221
G01 X5.3686 Y6.2221
G01 X5.3411 Y6.2221
G01 X5.3686 Y6.2221
G01 X5.3962 Y6.2221
G01 X5.4237 Y6.2497
M3 S30 ; PEN UP
G00 X4.7905 Y6.6626
M3 S50 ; PEN DOWN
G01 X4.7630 Y6.6351
G01 X4.7630 Y6.6076
G01 X4.7630 Y6.5800
G01 X4.7630 Y6.5525
G01 X4.7630 Y6.5250
G01 X4.7630 Y6.4974
G01 X4.7630 Y6.4699
G01 X4.7354 Y6.4424
G01 X4.7354 Y6.4148
G01 X4.7354 Y6.4424
G01 X4.7630 Y6.4699
G01 X4.7630 Y6.4974
G01 X4.7630 Y6.5250
G01 X4.7630 Y6.5525
G01 X4.7630 Y6.5800
G01 X4.7630 Y6.6076
G01 X4.7630 Y6.6351
M3 S30 ; PEN UP
G00 X4.9281 Y7.0481
M3 S50 ; PEN DOWN
G01 X4.9006 Y7.0205
G01 X4.9281 Y7.0481
G01 X4.9281 Y7.0756
M3 S30 ; PEN UP
G00 X4.3500 Y7.3509
M3 S50 ; PEN DOWN
G01 X4.3775 Y7.3509
G01 X4.4050 Y7.3509
G01 X4.4326 Y7.3234
G01 X4.4601 Y7.2959
G01 X4.4601 Y7.2683
G01 X4.4876 Y7.2408
G01 X4.4876 Y7.2133
G01 X4.4876 Y7.1857
G01 X4.4876 Y7.1582
G01 X4.5152 Y7.1307
G01 X4.5427 Y7.1031
G01 X4.5702 Y7.0756
G01 X4.5427 Y7.1031
G01 X4.5152 Y7.0756
G01 X4.5152 Y7.0481
G01 X4.5152 Y7.0205
G01 X4.5152 Y6.9930
G01 X4.5427 Y6.9655
G01 X4.5427 Y6.9379
G01 X4.5427 Y6.9104
G01 X4.5427 Y6.8829
G01 X4.5427 Y6.8553
G01 X4.5427 Y6.8278
G01 X4.5427 Y6.8003
G01 X4.5427 Y6.7728
G01 X4.5427 Y6.7452
G01 X4.5427 Y6.7177
G01 X4.5702 Y6.6902
G01 X4.5702 Y6.6626
G01 X4.5702 Y6.6351
G01 X4.5702 Y6.6076
G01 X4.5702 Y6.5800
G01 X4.5702 Y6.5525
G01 X4.5702 Y6.5800
G01 X4.5702 Y6.6076
G01 X4.5702 Y6.6351
G01 X4.5702 Y6.6626
G01 X4.5702 Y6.6902
G01 X4.5427 Y6.7177
G01 X4.5427 Y6.7452
G01 X4.5427 Y6.7728
G01 X4.5427 Y6.8003
G01 X4.5427 Y6.8278
G01 X4.5427 Y6.8553
G01 X4.5427 Y6.8829
G01 X4.5427 Y6.9104
G01 X4.5427 Y6.9379
G01 X4.5427 Y6.9655
G01 X4.5152 Y6.9930
G01 X4.5152 Y7.0205
G01 X4.5152 Y7.0481
G01 X4.5152 Y7.0756
G01 X4.5152 Y7.1031
G01 X4.5152 Y7.1307
G01 X4.4876 Y7.1582
G01 X4.4876 Y7.1857
G01 X4.4876 Y7.2133
G01 X4.4876 Y7.2408
G01 X4.4601 Y7.2683
G01 X4.4601 Y7.2959
G01 X4.4326 Y7.3234
G01 X4.4050 Y7.3509
G01 X4.3775 Y7.3509
G01 X4.3500 Y7.3509
G01 X4.3224 Y7.3509
G01 X4.2949 Y7.3234
G01 X4.2674 Y7.2959
G01 X4.2949 Y7.3234
G01 X4.3224 Y7.3509
M3 S30 ; PEN UP
G00 X5.4788 Y7.4886
M3 S50 ; PEN DOWN
G01 X5.4788 Y7.4610
G01 X5.4512 Y7.4335
G01 X5.4512 Y7.4060
G01 X5.4512 Y7.3784
G01 X5.4512 Y7.3509
G01 X5.4237 Y7.3234
G01 X5.4237 Y7.2959
G01 X5.4237 Y7.2683
G01 X5.4237 Y7.2408
G01 X5.4237 Y7.2133
G01 X5.4237 Y7.1857
G01 X5.4512 Y7.1582
G01 X5.4512 Y7.1307
G01 X5.4512 Y7.1582
G01 X5.4237 Y7.1857
G01 X5.3962 Y7.1857
G01 X5.3686 Y7.1582
G01 X5.3686 Y7.1307
G01 X5.3686 Y7.1582
G01 X5.3962 Y7.1857
G01 X5.4237 Y7.2133
G01 X5.4237 Y7.2408
G01 X5.4237 Y7.2683
G01 X5.4237 Y7.2959
G01 X5.4237 Y7.3234
G01 X5.4512 Y7.3509
G01 X5.4512 Y7.3784
G01 X5.4512 Y7.4060
G01 X5.4512 Y7.4335
G01 X5.4788 Y7.4610
G01 X5.4788 Y7.4886
G01 X5.4788 Y7.5161
M3 S30 ; PEN UP
G00 X3.4139 Y8.0943
M3 S50 ; PEN DOWN
G01 X3.4414 Y8.0943
G01 X3.4690 Y8.0667
G01 X3.4690 Y8.0392
G01 X3.4690 Y8.0117
G01 X3.4690 Y7.9841
G01 X3.4965 Y7.9566
G01 X3.4965 Y7.9291
G01 X3.4965 Y7.9015
G01 X3.5240 Y7.8740
G01 X3.5240 Y7.8465
G01 X3.5240 Y7.8190
G01 X3.5240 Y7.7914
G01 X3.5240 Y7.7639
G01 X3.5240 Y7.7364
G01 X3.5240 Y7.7088
G01 X3.5516 Y7.6813
G01 X3.5516 Y7.6538
G01 X3.5516 Y7.6262
G01 X3.5516 Y7.5987
G01 X3.5516 Y7.5712
G01 X3.5516 Y7.5436
G01 X3.5516 Y7.5161
G01 X3.5516 Y7.4886
G01 X3.5516 Y7.4610
G01 X3.5516 Y7.4335
G01 X3.5516 Y7.4060
G01 X3.5516 Y7.3784
G01 X3.5516 Y7.3509
G01 X3.5516 Y7.3234
G01 X3.5516 Y7.2959
G01 X3.5516 Y7.2683
G01 X3.5791 Y7.2408
G01 X3.6066 Y7.2408
G01 X3.6342 Y7.2408
G01 X3.6617 Y7.2683
G01 X3.6892 Y7.2959
G01 X3.6892 Y7.3234
G01 X3.7168 Y7.3509
G01 X3.7168 Y7.3784
G01 X3.7443 Y7.4060
G01 X3.7443 Y7.4335
G01 X3.7718 Y7.4610
G01 X3.7718 Y7.4886
G01 X3.7994 Y7.5161
G01 X3.8269 Y7.5436
G01 X3.8544 Y7.5712
G01 X3.8819 Y7.5987
G01 X3.9095 Y7.6262
G01 X3.9370 Y7.6262
G01 X3.9645 Y7.6262
G01 X3.9921 Y7.6262
G01 X4.0196 Y7.5987
G01 X4.0471 Y7.5712
G01 X4.0747 Y7.5436
G01 X4.1022 Y7.5161
G01 X4.1022 Y7.4886
G01 X4.1022 Y7.4610
G01 X4.1297 Y7.4335
G01 X4.1297 Y7.4060
G01 X4.1297 Y7.3784
G01 X4.1297 Y7.3509
G01 X4.1573 Y7.3234
G01 X4.1573 Y7.2959
G01 X4.1573 Y7.2683
G01 X4.1573 Y7.2408
G01 X4.1848 Y7.2133
G01 X4.2123 Y7.1857
G01 X4.1848 Y7.2133
G01 X4.1573 Y7.2408
G01 X4.1573 Y7.2683
G01 X4.1573 Y7.2959
G01 X4.1573 Y7.3234
G01 X4.1297 Y7.3509
G01 X4.1297 Y7.3784
G01 X4.1297 Y7.4060
G01 X4.1297 Y7.4335
G01 X4.1022 Y7.4610
G01 X4.1022 Y7.4886
G01 X4.1022 Y7.5161
G01 X4.0747 Y7.5436
G01 X4.0471 Y7.5712
G01 X4.0196 Y7.5987
G01 X3.9921 Y7.6262
G01 X3.9645 Y7.6262
G01 X3.9370 Y7.6262
G01 X3.9095 Y7.6262
G01 X3.8819 Y7.5987
G01 X3.8544 Y7.5712
G01 X3.8269 Y7.5436
G01 X3.7994 Y7.5161
G01 X3.7718 Y7.4886
G01 X3.7718 Y7.4610
G01 X3.7443 Y7.4335
G01 X3.7443 Y7.4060
G01 X3.7168 Y7.3784
G01 X3.7168 Y7.3509
G01 X3.6892 Y7.3234
G01 X3.6892 Y7.2959
G01 X3.6617 Y7.2683
G01 X3.6342 Y7.2408
G01 X3.6066 Y7.2408
G01 X3.5791 Y7.2408
G01 X3.5516 Y7.2683
G01 X3.5516 Y7.2959
G01 X3.5516 Y7.3234
G01 X3.5516 Y7.3509
G01 X3.5516 Y7.3784
G01 X3.5516 Y7.4060
G01 X3.5516 Y7.4335
G01 X3.5516 Y7.4610
G01 X3.5516 Y7.4886
G01 X3.5516 Y7.5161
G01 X3.5516 Y7.5436
G01 X3.5516 Y7.5712
G01 X3.5516 Y7.5987
G01 X3.5516 Y7.6262
G01 X3.5516 Y7.6538
G01 X3.5516 Y7.6813
G01 X3.5240 Y7.7088
G01 X3.5240 Y7.7364
G01 X3.5240 Y7.7639
G01 X3.5240 Y7.7914
G01 X3.5240 Y7.8190
G01 X3.5240 Y7.8465
G01 X3.5240 Y7.8740
G01 X3.4965 Y7.9015
G01 X3.4965 Y7.9291
G01 X3.4965 Y7.9566
G01 X3.4690 Y7.9841
G01 X3.4690 Y8.0117
G01 X3.4690 Y8.0392
G01 X3.4690 Y8.0667
G01 X3.4414 Y8.0943
G01 X3.4139 Y8.0943
G01 X3.3864 Y8.0943
M3 S30 ; PEN UP
G00 X2.0649 Y8.1218
M3 S50 ; PEN DOWN
G01 X2.0649 Y8.0943
G01 X2.0649 Y8.0667
G01 X2.0649 Y8.0392
G01 X2.0649 Y8.0117
G01 X2.0649 Y7.9841
G01 X2.0649 Y7.9566
G01 X2.0649 Y7.9291
G01 X2.0649 Y7.9015
G01 X2.0649 Y7.8740
G01 X2.0649 Y7.8465
G01 X2.0649 Y7.8190
G01 X2.0649 Y7.7914
G01 X2.0649 Y7.7639
G01 X2.0649 Y7.7364
G01 X2.0649 Y7.7088
G01 X2.0649 Y7.7364
G01 X2.0649 Y7.7639
G01 X2.0649 Y7.7914
G01 X2.0649 Y7.8190
G01 X2.0649 Y7.8465
G01 X2.0649 Y7.8740
G01 X2.0649 Y7.9015
G01 X2.0649 Y7.9291
G01 X2.0649 Y7.9566
G01 X2.0649 Y7.9841
G01 X2.0649 Y8.0117
G01 X2.0649 Y8.0392
G01 X2.0649 Y8.0667
G01 X2.0649 Y8.0943
G01 X2.0649 Y8.1218
G01 X2.0649 Y8.1493
M3 S30 ; PEN UP
G00 X1.7345 Y8.3696
M3 S50 ; PEN DOWN
G01 X1.7620 Y8.3696
G01 X1.7895 Y8.3696
G01 X1.8171 Y8.3421
G01 X1.8171 Y8.3145
G01 X1.8171 Y8.2870
G01 X1.8171 Y8.2595
G01 X1.8171 Y8.2319
G01 X1.8446 Y8.2044
G01 X1.8446 Y8.1769
G01 X1.8446 Y8.1493
G01 X1.8446 Y8.1218
G01 X1.8446 Y8.0943
G01 X1.8446 Y8.0667
G01 X1.8446 Y8.0392
G01 X1.8721 Y8.0117
G01 X1.8721 Y7.9841
G01 X1.8721 Y7.9566
G01 X1.8721 Y7.9291
G01 X1.8721 Y7.9015
G01 X1.8721 Y7.8740
G01 X1.8721 Y7.8465
G01 X1.8997 Y7.8190
G01 X1.8997 Y7.7914
G01 X1.8997 Y7.7639
G01 X1.8997 Y7.7364
G01 X1.8997 Y7.7088
G01 X1.9272 Y7.6813
G01 X1.9272 Y7.6538
G01 X1.9272 Y7.6262
G01 X1.9272 Y7.5987
G01 X1.9547 Y7.5712
G01 X1.9547 Y7.5436
G01 X1.9547 Y7.5161
G01 X1.9823 Y7.4886
G01 X1.9823 Y7.4610
G01 X1.9823 Y7.4335
G01 X2.0098 Y7.4060
G01 X2.0373 Y7.4060
G01 X2.0649 Y7.4335
G01 X2.0649 Y7.4610
G01 X2.0649 Y7.4886
G01 X2.0649 Y7.5161
G01 X2.0649 Y7.4886
G01 X2.0649 Y7.4610
G01 X2.0649 Y7.4335
G01 X2.0373 Y7.4060
G01 X2.0373 Y7.3784
G01 X2.0373 Y7.3509
G01 X2.0649 Y7.3234
G01 X2.0924 Y7.2959
G01 X2.1199 Y7.3234
G01 X2.1475 Y7.3509
G01 X2.1750 Y7.3784
G01 X2.2025 Y7.4060
G01 X2.2301 Y7.4335
G01 X2.2301 Y7.4610
G01 X2.2301 Y7.4886
G01 X2.2301 Y7.5161
G01 X2.2576 Y7.5436
G01 X2.2576 Y7.5712
G01 X2.2576 Y7.5987
G01 X2.2576 Y7.6262
G01 X2.2851 Y7.6538
G01 X2.2851 Y7.6813
G01 X2.2851 Y7.7088
G01 X2.3126 Y7.7364
G01 X2.3126 Y7.7639
G01 X2.3126 Y7.7914
G01 X2.3126 Y7.8190
G01 X2.3402 Y7.8465
G01 X2.3402 Y7.8740
G01 X2.3402 Y7.9015
G01 X2.3677 Y7.9291
G01 X2.3677 Y7.9566
G01 X2.3952 Y7.9841
G01 X2.4228 Y8.0117
G01 X2.4503 Y8.0392
G01 X2.4778 Y8.0392
G01 X2.5054 Y8.0392
G01 X2.5329 Y8.0392
G01 X2.5604 Y8.0117
G01 X2.5880 Y7.9841
G01 X2.5880 Y7.9566
G01 X2.6155 Y7.9291
G01 X2.6155 Y7.9015
G01 X2.6155 Y7.8740
G01 X2.6430 Y7.8465
G01 X2.6430 Y7.8190
G01 X2.6430 Y7.7914
G01 X2.6706 Y7.7639
G01 X2.6706 Y7.7364
G01 X2.6706 Y7.7088
G01 X2.6706 Y7.6813
G01 X2.6981 Y7.6538
G01 X2.7256 Y7.6538
G01 X2.7532 Y7.6538
G01 X2.7807 Y7.6813
G01 X2.8082 Y7.7088
G01 X2.8082 Y7.7364
G01 X2.8357 Y7.7088
G01 X2.8633 Y7.6813
G01 X2.8633 Y7.6538
G01 X2.8908 Y7.6262
G01 X2.8908 Y7.5987
G01 X2.8908 Y7.5712
G01 X2.9183 Y7.5436
G01 X2.8908 Y7.5712
G01 X2.8908 Y7.5987
G01 X2.8908 Y7.6262
G01 X2.8633 Y7.6538
G01 X2.8633 Y7.6813
G01 X2.8357 Y7.7088
G01 X2.8082 Y7.7088
G01 X2.7807 Y7.6813
G01 X2.7532 Y7.6538
G01 X2.7256 Y7.6262
G01 X2.7256 Y7.5987
G01 X2.7256 Y7.5712
G01 X2.7256 Y7.5436
G01 X2.7256 Y7.5712
G01 X2.7256 Y7.5987
G01 X2.7256 Y7.6262
G01 X2.6981 Y7.6538
G01 X2.6706 Y7.6813
G01 X2.6706 Y7.7088
G01 X2.6706 Y7.7364
G01 X2.6706 Y7.7639
G01 X2.6430 Y7.7914
G01 X2.6430 Y7.8190
G01 X2.6430 Y7.8465
G01 X2.6155 Y7.8740
G01 X2.6155 Y7.9015
G01 X2.6155 Y7.9291
G01 X2.5880 Y7.9566
G01 X2.5880 Y7.9841
G01 X2.5604 Y8.0117
G01 X2.5329 Y8.0392
G01 X2.5054 Y8.0392
G01 X2.4778 Y8.0392
G01 X2.4503 Y8.0392
G01 X2.4228 Y8.0117
G01 X2.3952 Y7.9841
G01 X2.3677 Y7.9566
G01 X2.3677 Y7.9291
G01 X2.3402 Y7.9015
G01 X2.3402 Y7.8740
G01 X2.3402 Y7.8465
G01 X2.3126 Y7.8190
G01 X2.3126 Y7.7914
G01 X2.3126 Y7.7639
G01 X2.3126 Y7.7364
G01 X2.2851 Y7.7088
G01 X2.2851 Y7.6813
G01 X2.2851 Y7.6538
G01 X2.2576 Y7.6262
G01 X2.2576 Y7.5987
G01 X2.2576 Y7.5712
G01 X2.2576 Y7.5436
G01 X2.2301 Y7.5161
G01 X2.2301 Y7.4886
G01 X2.2301 Y7.4610
G01 X2.2301 Y7.4335
G01 X2.2025 Y7.4060
G01 X2.1750 Y7.3784
G01 X2.1475 Y7.3509
G01 X2.1199 Y7.3234
G01 X2.1199 Y7.2959
G01 X2.1475 Y7.2683
G01 X2.1750 Y7.2408
G01 X2.2025 Y7.2408
G01 X2.2301 Y7.2133
G01 X2.2576 Y7.1857
G01 X2.2851 Y7.1857
G01 X2.3126 Y7.1582
G01 X2.3402 Y7.1582
G01 X2.3677 Y7.1582
G01 X2.3952 Y7.1582
G01 X2.4228 Y7.1582
G01 X2.4503 Y7.1582
G01 X2.4778 Y7.1582
G01 X2.5054 Y7.1582
G01 X2.5329 Y7.1582
G01 X2.5604 Y7.1582
G01 X2.5880 Y7.1582
G01 X2.6155 Y7.1582
G01 X2.6430 Y7.1307
G01 X2.6706 Y7.1307
G01 X2.6981 Y7.1031
G01 X2.7256 Y7.1031
G01 X2.7532 Y7.0756
G01 X2.7807 Y7.0756
G01 X2.8082 Y7.0481
G01 X2.8357 Y7.0205
G01 X2.8633 Y6.9930
G01 X2.8908 Y6.9655
G01 X2.9183 Y6.9655
G01 X2.9459 Y6.9379
G01 X2.9734 Y6.9379
G01 X3.0009 Y6.9379
G01 X3.0285 Y6.9104
G01 X3.0560 Y6.9104
G01 X3.0835 Y6.9104
G01 X3.1111 Y6.9104
G01 X3.1386 Y6.9104
G01 X3.1661 Y6.9104
G01 X3.1937 Y6.9104
G01 X3.2212 Y6.8829
G01 X3.2487 Y6.8829
G01 X3.2763 Y6.8829
G01 X3.3038 Y6.8553
G01 X3.3313 Y6.8278
G01 X3.3588 Y6.8278
G01 X3.3864 Y6.8003
G01 X3.4139 Y6.7728
G01 X3.4414 Y6.7452
G01 X3.4690 Y6.7452
G01 X3.4965 Y6.7177
G01 X3.5240 Y6.6902
G01 X3.5516 Y6.6902
G01 X3.5791 Y6.6626
G01 X3.6066 Y6.6626
G01 X3.6342 Y6.6626
G01 X3.6617 Y6.6626
G01 X3.6892 Y6.6626
G01 X3.7168 Y6.6351
G01 X3.7443 Y6.6351
G01 X3.7718 Y6.6351
G01 X3.7994 Y6.6351
G01 X3.8269 Y6.6076
G01 X3.8544 Y6.6076
G01 X3.8819 Y6.6076
G01 X3.9095 Y6.6076
G01 X3.9370 Y6.5800
G01 X3.9645 Y6.5800
G01 X3.9921 Y6.5800
G01 X4.0196 Y6.5525
G01 X4.0471 Y6.5525
G01 X4.0747 Y6.5250
G01 X4.1022 Y6.5250
G01 X4.1297 Y6.5250
G01 X4.1573 Y6.5250
G01 X4.1848 Y6.5250
G01 X4.2123 Y6.5250
G01 X4.2399 Y6.5250
G01 X4.2674 Y6.5250
G01 X4.2949 Y6.4974
G01 X4.3224 Y6.4699
G01 X4.3500 Y6.4424
G01 X4.3775 Y6.4148
G01 X4.4050 Y6.4148
G01 X4.4326 Y6.3873
G01 X4.4601 Y6.3598
G01 X4.4876 Y6.3323
G01 X4.5152 Y6.3323
G01 X4.5427 Y6.3047
G01 X4.5702 Y6.2772
G01 X4.5978 Y6.2772
G01 X4.6253 Y6.2497
G01 X4.6528 Y6.2221
G01 X4.6804 Y6.1946
G01 X4.7079 Y6.1671
G01 X4.7354 Y6.1395
G01 X4.7630 Y6.1395
G01 X4.7905 Y6.1120
G01 X4.8180 Y6.1120
G01 X4.8455 Y6.0845
G01 X4.8731 Y6.0845
G01 X4.9006 Y6.0845
G01 X4.9281 Y6.0569
G01 X4.9557 Y6.0569
G01 X4.9832 Y6.0569
G01 X5.0107 Y6.0294
G01 X5.0383 Y6.0294
G01 X5.0658 Y6.0294
G01 X5.0933 Y6.0019
G01 X5.1209 Y6.0019
G01 X5.1484 Y6.0019
G01 X5.1759 Y6.0019
G01 X5.2035 Y5.9743
G01 X5.2310 Y5.9743
G01 X5.2585 Y5.9743
G01 X5.2861 Y5.9743
G01 X5.3136 Y5.9743
G01 X5.3411 Y5.9743
G01 X5.3686 Y5.9743
G01 X5.3962 Y5.9743
G01 X5.4237 Y5.9743
G01 X5.4512 Y5.9743
G01 X5.4788 Y5.9743
G01 X5.5063 Y5.9743
G01 X5.5338 Y6.0019
G01 X5.5614 Y6.0019
G01 X5.5889 Y6.0019
G01 X5.6164 Y6.0019
G01 X5.6440 Y6.0019
G01 X5.6715 Y6.0294
G01 X5.6990 Y6.0294
G01 X5.7266 Y6.0294
G01 X5.7541 Y6.0294
G01 X5.7816 Y6.0294
G01 X5.8092 Y6.0294
G01 X5.8367 Y6.0294
G01 X5.8642 Y6.0294
G01 X5.8917 Y6.0294
G01 X5.9193 Y6.0294
G01 X5.9468 Y6.0294
G01 X5.9743 Y6.0294
G01 X6.0019 Y6.0294
G01 X6.0294 Y6.0294
G01 X6.0569 Y6.0294
G01 X6.0845 Y6.0294
G01 X6.1120 Y6.0569
G01 X6.1395 Y6.0569
G01 X6.1671 Y6.0569
G01 X6.1946 Y6.0569
G01 X6.2221 Y6.0569
G01 X6.2497 Y6.0569
G01 X6.2772 Y6.0845
G01 X6.2772 Y6.1120
G01 X6.2497 Y6.1395
G01 X6.2497 Y6.1671
G01 X6.2497 Y6.1395
G01 X6.2772 Y6.1120
G01 X6.2772 Y6.0845
G01 X6.2497 Y6.0569
G01 X6.2772 Y6.0294
G01 X6.2772 Y6.0019
G01 X6.3047 Y5.9743
G01 X6.3323 Y5.9743
G01 X6.3598 Y5.9743
G01 X6.3873 Y5.9743
G01 X6.4148 Y5.9743
G01 X6.4424 Y6.0019
G01 X6.4699 Y6.0294
G01 X6.4974 Y6.0569
G01 X6.4974 Y6.0845
G01 X6.5250 Y6.1120
G01 X6.5250 Y6.1395
G01 X6.5250 Y6.1671
G01 X6.5525 Y6.1946
G01 X6.5525 Y6.2221
G01 X6.5525 Y6.2497
G01 X6.5525 Y6.2772
G01 X6.5525 Y6.3047
G01 X6.5800 Y6.3323
G01 X6.5800 Y6.3598
G01 X6.5800 Y6.3873
G01 X6.5800 Y6.4148
G01 X6.5800 Y6.3873
G01 X6.5800 Y6.3598
G01 X6.5800 Y6.3323
G01 X6.5525 Y6.3047
G01 X6.5525 Y6.2772
G01 X6.5525 Y6.2497
G01 X6.5525 Y6.2221
G01 X6.5525 Y6.1946
G01 X6.5250 Y6.1671
G01 X6.5250 Y6.1395
G01 X6.5250 Y6.1120
G01 X6.4974 Y6.0845
G01 X6.4974 Y6.0569
G01 X6.4699 Y6.0294
G01 X6.4424 Y6.0019
G01 X6.4148 Y5.9743
G01 X6.3873 Y5.9743
G01 X6.3598 Y5.9743
G01 X6.3323 Y5.9743
G01 X6.3047 Y5.9743
G01 X6.2772 Y6.0019
G01 X6.2772 Y6.0294
G01 X6.2497 Y6.0569
G01 X6.2221 Y6.0569
G01 X6.1946 Y6.0569
G01 X6.1671 Y6.0569
G01 X6.1395 Y6.0569
G01 X6.1120 Y6.0569
G01 X6.0845 Y6.0294
G01 X6.0569 Y6.0294
G01 X6.0294 Y6.0294
G01 X6.0019 Y6.0294
G01 X5.9743 Y6.0294
G01 X5.9468 Y6.0294
G01 X5.9193 Y6.0294
G01 X5.8917 Y6.0294
G01 X5.8642 Y6.0294
G01 X5.8367 Y6.0294
G01 X5.8092 Y6.0294
G01 X5.7816 Y6.0294
G01 X5.7541 Y6.0294
G01 X5.7266 Y6.0294
G01 X5.6990 Y6.0294
G01 X5.6715 Y6.0294
G01 X5.6440 Y6.0019
G01 X5.6164 Y6.0019
G01 X5.5889 Y6.0019
G01 X5.5614 Y6.0019
G01 X5.5338 Y6.0019
G01 X5.5063 Y5.9743
G01 X5.4788 Y5.9743
G01 X5.4512 Y5.9743
G01 X5.4237 Y5.9743
G01 X5.3962 Y5.9743
G01 X5.3686 Y5.9743
G01 X5.3411 Y5.9743
G01 X5.3136 Y5.9743
G01 X5.2861 Y5.9743
G01 X5.2585 Y5.9743
G01 X5.2310 Y5.9743
G01 X5.2035 Y5.9743
G01 X5.1759 Y6.0019
G01 X5.1484 Y6.0019
G01 X5.1209 Y6.0019
G01 X5.0933 Y6.0019
G01 X5.0658 Y6.0294
G01 X5.0383 Y6.0294
G01 X5.0107 Y6.0294
G01 X4.9832 Y6.0569
G01 X4.9557 Y6.0569
G01 X4.9281 Y6.0569
G01 X4.9006 Y6.0845
G01 X4.8731 Y6.0845
G01 X4.8455 Y6.0845
G01 X4.8180 Y6.1120
G01 X4.7905 Y6.1120
G01 X4.7630 Y6.1395
G01 X4.7354 Y6.1395
G01 X4.7079 Y6.1671
G01 X4.6804 Y6.1946
G01 X4.6528 Y6.2221
G01 X4.6253 Y6.2497
G01 X4.5978 Y6.2772
G01 X4.5702 Y6.2772
G01 X4.5427 Y6.3047
G01 X4.5152 Y6.3323
G01 X4.4876 Y6.3323
G01 X4.4601 Y6.3598
G01 X4.4326 Y6.3873
G01 X4.4050 Y6.4148
G01 X4.3775 Y6.4148
G01 X4.3500 Y6.4424
G01 X4.3224 Y6.4699
G01 X4.2949 Y6.4974
G01 X4.2674 Y6.5250
G01 X4.2399 Y6.5250
G01 X4.2123 Y6.5250
G01 X4.1848 Y6.5250
G01 X4.1573 Y6.5250
G01 X4.1297 Y6.5250
G01 X4.1022 Y6.5250
G01 X4.0747 Y6.5250
G01 X4.0471 Y6.5525
G01 X4.0196 Y6.5525
G01 X3.9921 Y6.5800
G01 X3.9645 Y6.5800
G01 X3.9370 Y6.5800
G01 X3.9095 Y6.6076
G01 X3.8819 Y6.6076
G01 X3.8544 Y6.6076
G01 X3.8269 Y6.6076
G01 X3.7994 Y6.6351
G01 X3.7718 Y6.6351
G01 X3.7443 Y6.6351
G01 X3.7168 Y6.6351
G01 X3.6892 Y6.6626
G01 X3.6617 Y6.6626
G01 X3.6342 Y6.6626
G01 X3.6066 Y6.6626
G01 X3.5791 Y6.6626
G01 X3.5516 Y6.6902
G01 X3.5240 Y6.6902
G01 X3.4965 Y6.7177
G01 X3.4690 Y6.7452
G01 X3.4414 Y6.7452
G01 X3.4139 Y6.7728
G01 X3.3864 Y6.8003
G01 X3.3588 Y6.8278
G01 X3.3313 Y6.8278
G01 X3.3038 Y6.8553
G01 X3.2763 Y6.8829
G01 X3.2487 Y6.8829
G01 X3.2212 Y6.8829
G01 X3.1937 Y6.9104
G01 X3.1661 Y6.9104
G01 X3.1386 Y6.9104
G01 X3.1111 Y6.9104
G01 X3.0835 Y6.9104
G01 X3.0560 Y6.9104
G01 X3.0285 Y6.9104
G01 X3.0009 Y6.9379
G01 X2.9734 Y6.9379
G01 X2.9459 Y6.9379
G01 X2.9183 Y6.9655
G01 X2.8908 Y6.9655
G01 X2.8633 Y6.9930
G01 X2.8357 Y7.0205
G01 X2.8082 Y7.0481
G01 X2.7807 Y7.0756
G01 X2.7532 Y7.0756
G01 X2.7256 Y7.1031
G01 X2.6981 Y7.1031
G01 X2.6706 Y7.1307
G01 X2.6430 Y7.1307
G01 X2.6155 Y7.1582
G01 X2.5880 Y7.1582
G01 X2.5604 Y7.1582
G01 X2.5329 Y7.1582
G01 X2.5054 Y7.1582
G01 X2.4778 Y7.1582
G01 X2.4503 Y7.1582
G01 X2.4228 Y7.1582
G01 X2.3952 Y7.1582
G01 X2.3677 Y7.1582
G01 X2.3402 Y7.1582
G01 X2.3126 Y7.1582
G01 X2.2851 Y7.1857
G01 X2.2576 Y7.1857
G01 X2.2301 Y7.2133
G01 X2.2025 Y7.2408
G01 X2.1750 Y7.2408
G01 X2.1475 Y7.2683
G01 X2.1199 Y7.2959
G01 X2.0924 Y7.2959
G01 X2.0649 Y7.2959
G01 X2.0373 Y7.2683
G01 X2.0373 Y7.2408
G01 X2.0373 Y7.2133
G01 X2.0373 Y7.1857
G01 X2.0373 Y7.1582
G01 X2.0373 Y7.1307
G01 X2.0373 Y7.1031
G01 X2.0373 Y7.0756
G01 X2.0373 Y7.0481
G01 X2.0373 Y7.0205
G01 X2.0373 Y6.9930
G01 X2.0373 Y6.9655
G01 X2.0373 Y6.9379
G01 X2.0373 Y6.9104
G01 X2.0373 Y6.8829
G01 X2.0373 Y6.8553
G01 X2.0373 Y6.8278
G01 X2.0373 Y6.8003
G01 X2.0373 Y6.7728
G01 X2.0373 Y6.7452
G01 X2.0373 Y6.7177
G01 X2.0373 Y6.6902
G01 X2.0373 Y6.6626
G01 X2.0373 Y6.6351
G01 X2.0373 Y6.6076
G01 X2.0373 Y6.5800
G01 X2.0373 Y6.5525
G01 X2.0373 Y6.5250
G01 X2.0373 Y6.4974
G01 X2.0373 Y6.4699
G01 X2.0373 Y6.4424
G01 X2.0373 Y6.4148
G01 X2.0649 Y6.3873
G01 X2.0649 Y6.3598
G01 X2.0649 Y6.3323
G01 X2.0649 Y6.3047
G01 X2.0649 Y6.2772
G01 X2.0649 Y6.2497
G01 X2.0649 Y6.2221
G01 X2.0649 Y6.1946
G01 X2.0649 Y6.1671
G01 X2.0649 Y6.1395
G01 X2.0649 Y6.1120
G01 X2.0649 Y6.0845
G01 X2.0649 Y6.0569
G01 X2.0649 Y6.0294
G01 X2.0649 Y6.0019
G01 X2.0649 Y5.9743
G01 X2.0649 Y5.9468
G01 X2.0649 Y5.9193
G01 X2.0649 Y5.8917
G01 X2.0649 Y5.8642
G01 X2.0649 Y5.8367
G01 X2.0649 Y5.8092
G01 X2.0649 Y5.7816
G01 X2.0649 Y5.7541
G01 X2.0649 Y5.7266
G01 X2.0649 Y5.6990
G01 X2.0649 Y5.6715
G01 X2.0649 Y5.6440
G01 X2.0649 Y5.6164
G01 X2.0649 Y5.5889
G01 X2.0649 Y5.5614
G01 X2.0649 Y5.5338
G01 X2.0649 Y5.5063
G01 X2.0649 Y5.4788
G01 X2.0649 Y5.4512
G01 X2.0649 Y5.4237
G01 X2.0649 Y5.3962
G01 X2.0649 Y5.3686
G01 X2.0649 Y5.3411
G01 X2.0649 Y5.3136
G01 X2.0649 Y5.2861
G01 X2.0649 Y5.2585
G01 X2.0649 Y5.2310
G01 X2.0649 Y5.2035
G01 X2.0649 Y5.1759
G01 X2.0649 Y5.1484
G01 X2.0649 Y5.1209
G01 X2.0649 Y5.0933
G01 X2.0649 Y5.0658
G01 X2.0649 Y5.0383
G01 X2.0649 Y5.0107
G01 X2.0649 Y4.9832
G01 X2.0649 Y4.9557
G01 X2.0649 Y4.9281
G01 X2.0649 Y4.9006
G01 X2.0649 Y4.8731
G01 X2.0649 Y4.8455
G01 X2.0649 Y4.8180
G01 X2.0649 Y4.7905
G01 X2.0649 Y4.7630
G01 X2.0649 Y4.7354
G01 X2.0649 Y4.7079
G01 X2.0649 Y4.6804
G01 X2.0649 Y4.6528
G01 X2.0649 Y4.6253
G01 X2.0649 Y4.5978
G01 X2.0649 Y4.5702
G01 X2.0649 Y4.5427
G01 X2.0649 Y4.5152
G01 X2.0649 Y4.4876
G01 X2.0649 Y4.4601
G01 X2.0649 Y4.4326
G01 X2.0649 Y4.4050
G01 X2.0649 Y4.3775
G01 X2.0649 Y4.3500
G01 X2.0649 Y4.3224
G01 X2.0649 Y4.2949
G01 X2.0649 Y4.2674
G01 X2.0649 Y4.2399
G01 X2.0649 Y4.2123
G01 X2.0649 Y4.1848
G01 X2.0649 Y4.1573
G01 X2.0649 Y4.1297
G01 X2.0373 Y4.1022
G01 X2.0373 Y4.0747
G01 X2.0373 Y4.0471
G01 X2.0373 Y4.0196
G01 X2.0373 Y3.9921
G01 X2.0373 Y3.9645
G01 X2.0373 Y3.9370
G01 X2.0373 Y3.9095
G01 X2.0373 Y3.8819
G01 X2.0373 Y3.8544
G01 X2.0373 Y3.8269
G01 X2.0373 Y3.7994
G01 X2.0373 Y3.7718
G01 X2.0373 Y3.7443
G01 X2.0373 Y3.7168
G01 X2.0649 Y3.6892
G01 X2.0649 Y3.6617
G01 X2.0649 Y3.6342
G01 X2.0649 Y3.6066
G01 X2.0649 Y3.5791
G01 X2.0649 Y3.5516
G01 X2.0649 Y3.5240
G01 X2.0649 Y3.4965
G01 X2.0649 Y3.4690
G01 X2.0649 Y3.4414
G01 X2.0649 Y3.4139
G01 X2.0649 Y3.3864
G01 X2.0649 Y3.3588
G01 X2.0649 Y3.3313
G01 X2.0649 Y3.3038
G01 X2.0649 Y3.2763
G01 X2.0373 Y3.2487
G01 X2.0098 Y3.2212
G01 X1.9823 Y3.1937
G01 X1.9547 Y3.1661
G01 X1.9272 Y3.1386
G01 X1.9272 Y3.1111
G01 X1.8997 Y3.0835
G01 X1.8997 Y3.0560
G01 X1.9272 Y3.0285
G01 X1.8997 Y3.0560
G01 X1.8721 Y3.0835
G01 X1.8446 Y3.0835
G01 X1.8171 Y3.0835
G01 X1.7895 Y3.0835
G01 X1.7620 Y3.1111
G01 X1.7345 Y3.1111
G01 X1.7070 Y3.1111
G01 X1.6794 Y3.1111
G01 X1.6519 Y3.1111
G01 X1.6244 Y3.1111
G01 X1.5968 Y3.1111
G01 X1.5693 Y3.1111
G01 X1.5418 Y3.1386
G01 X1.5418 Y3.1661
G01 X1.5418 Y3.1937
G01 X1.5418 Y3.2212
G01 X1.5142 Y3.2487
G01 X1.5142 Y3.2763
G01 X1.5142 Y3.3038
G01 X1.5142 Y3.3313
G01 X1.5142 Y3.3588
G01 X1.5142 Y3.3864
G01 X1.5142 Y3.4139
G01 X1.5142 Y3.4414
G01 X1.4867 Y3.4690
G01 X1.4867 Y3.4965
G01 X1.4867 Y3.5240
G01 X1.4867 Y3.5516
G01 X1.4867 Y3.5791
G01 X1.4867 Y3.6066
G01 X1.4867 Y3.6342
G01 X1.4867 Y3.6617
G01 X1.4867 Y3.6892
G01 X1.4867 Y3.7168
G01 X1.4867 Y3.7443
G01 X1.4592 Y3.7718
G01 X1.4592 Y3.7994
G01 X1.4592 Y3.8269
G01 X1.4592 Y3.8544
G01 X1.4592 Y3.8819
G01 X1.4592 Y3.9095
G01 X1.4592 Y3.9370
G01 X1.4592 Y3.9645
G01 X1.4592 Y3.9921
G01 X1.4592 Y4.0196
G01 X1.4592 Y4.0471
G01 X1.4592 Y4.0747
G01 X1.4592 Y4.1022
G01 X1.4592 Y4.1297
G01 X1.4316 Y4.1573
G01 X1.4316 Y4.1848
G01 X1.4316 Y4.2123
G01 X1.4316 Y4.2399
G01 X1.4316 Y4.2674
G01 X1.4316 Y4.2949
G01 X1.4316 Y4.3224
G01 X1.4316 Y4.3500
G01 X1.4316 Y4.3775
G01 X1.4316 Y4.4050
G01 X1.4316 Y4.4326
G01 X1.4316 Y4.4601
G01 X1.4316 Y4.4876
G01 X1.4316 Y4.5152
G01 X1.4316 Y4.5427
G01 X1.4316 Y4.5702
G01 X1.4316 Y4.5978
G01 X1.4316 Y4.6253
G01 X1.4316 Y4.6528
G01 X1.4316 Y4.6804
G01 X1.4316 Y4.7079
G01 X1.4316 Y4.7354
G01 X1.4316 Y4.7630
G01 X1.4316 Y4.7905
G01 X1.4316 Y4.8180
G01 X1.4316 Y4.8455
G01 X1.4316 Y4.8731
G01 X1.4316 Y4.9006
G01 X1.4316 Y4.9281
G01 X1.4316 Y4.9557
G01 X1.4316 Y4.9832
G01 X1.4316 Y5.0107
G01 X1.4316 Y5.0383
G01 X1.4316 Y5.0658
G01 X1.4316 Y5.0933
G01 X1.4316 Y5.1209
G01 X1.4316 Y5.1484
G01 X1.4316 Y5.1759
G01 X1.4316 Y5.2035
G01 X1.4316 Y5.2310
G01 X1.4316 Y5.2585
G01 X1.4316 Y5.2861
G01 X1.4316 Y5.3136
G01 X1.4592 Y5.3411
G01 X1.4592 Y5.3686
G01 X1.4592 Y5.3962
G01 X1.4592 Y5.4237
G01 X1.4592 Y5.4512
G01 X1.4592 Y5.4788
G01 X1.4592 Y5.5063
G01 X1.4592 Y5.5338
G01 X1.4592 Y5.5614
G01 X1.4592 Y5.5889
G01 X1.4592 Y5.6164
G01 X1.4592 Y5.6440
G01 X1.4867 Y5.6715
G01 X1.4867 Y5.6990
G01 X1.4867 Y5.7266
G01 X1.4867 Y5.7541
G01 X1.4867 Y5.7816
G01 X1.4867 Y5.8092
G01 X1.4867 Y5.8367
G01 X1.4867 Y5.8642
G01 X1.4867 Y5.8917
G01 X1.4867 Y5.9193
G01 X1.4867 Y5.9468
G01 X1.4867 Y5.9743
G01 X1.4867 Y6.0019
G01 X1.4867 Y6.0294
G01 X1.4867 Y6.0569
G01 X1.4867 Y6.0845
G01 X1.4867 Y6.1120
G01 X1.4867 Y6.1395
G01 X1.4867 Y6.1671
G01 X1.4867 Y6.1946
G01 X1.4867 Y6.2221
G01 X1.4867 Y6.2497
G01 X1.4592 Y6.2772
G01 X1.4592 Y6.3047
G01 X1.4316 Y6.3323
G01 X1.4041 Y6.3323
G01 X1.4316 Y6.3323
G01 X1.4592 Y6.3598
G01 X1.4592 Y6.3873
G01 X1.4592 Y6.4148
G01 X1.4592 Y6.4424
G01 X1.4592 Y6.4699
G01 X1.4592 Y6.4974
G01 X1.4592 Y6.5250
G01 X1.4592 Y6.5525
G01 X1.4592 Y6.5800
G01 X1.4316 Y6.6076
G01 X1.4316 Y6.6351
G01 X1.4316 Y6.6626
G01 X1.4316 Y6.6902
G01 X1.4316 Y6.7177
G01 X1.4316 Y6.7452
G01 X1.4316 Y6.7728
G01 X1.4316 Y6.8003
G01 X1.4316 Y6.8278
G01 X1.4316 Y6.8553
G01 X1.4316 Y6.8829
G01 X1.4316 Y6.9104
G01 X1.4316 Y6.9379
G01 X1.4316 Y6.9655
G01 X1.4316 Y6.9930
G01 X1.4316 Y7.0205
G01 X1.4316 Y7.0481
G01 X1.4316 Y7.0756
G01 X1.4041 Y7.1031
G01 X1.4041 Y7.1307
G01 X1.4041 Y7.1582
G01 X1.4041 Y7.1857
G01 X1.4041 Y7.2133
G01 X1.4041 Y7.2408
G01 X1.4041 Y7.2683
G01 X1.4316 Y7.2959
G01 X1.4316 Y7.3234
G01 X1.4316 Y7.3509
G01 X1.4316 Y7.3784
G01 X1.4316 Y7.4060
G01 X1.4316 Y7.4335
G01 X1.4041 Y7.4610
G01 X1.3766 Y7.4886
G01 X1.3490 Y7.4886
G01 X1.3215 Y7.4886
G01 X1.2940 Y7.4886
G01 X1.2665 Y7.4886
G01 X1.2389 Y7.4886
G01 X1.2114 Y7.4610
G01 X1.2114 Y7.4335
G01 X1.2114 Y7.4060
G01 X1.2114 Y7.3784
G01 X1.2114 Y7.3509
G01 X1.2389 Y7.3234
G01 X1.2114 Y7.3509
G01 X1.2114 Y7.3784
G01 X1.2114 Y7.4060
G01 X1.2114 Y7.4335
G01 X1.2114 Y7.4610
G01 X1.2389 Y7.4886
G01 X1.2389 Y7.5161
G01 X1.2389 Y7.5436
G01 X1.2389 Y7.5712
G01 X1.2114 Y7.5987
G01 X1.2114 Y7.6262
G01 X1.2114 Y7.6538
G01 X1.2114 Y7.6813
G01 X1.2114 Y7.7088
G01 X1.2389 Y7.7364
G01 X1.2389 Y7.7639
G01 X1.2389 Y7.7914
G01 X1.2114 Y7.8190
G01 X1.2114 Y7.8465
G01 X1.2114 Y7.8740
G01 X1.2114 Y7.9015
G01 X1.2114 Y7.9291
G01 X1.2114 Y7.9566
G01 X1.2114 Y7.9841
G01 X1.2114 Y8.0117
G01 X1.2114 Y8.0392
G01 X1.2114 Y8.0667
G01 X1.2114 Y8.0943
G01 X1.2114 Y8.1218
G01 X1.2114 Y8.1493
G01 X1.2114 Y8.1769
G01 X1.2114 Y8.2044
G01 X1.1839 Y8.2319
G01 X1.2114 Y8.2044
G01 X1.2114 Y8.1769
G01 X1.2114 Y8.1493
G01 X1.2114 Y8.1218
G01 X1.2114 Y8.0943
G01 X1.2114 Y8.0667
G01 X1.2114 Y8.0392
G01 X1.2114 Y8.0117
G01 X1.2114 Y7.9841
G01 X1.2114 Y7.9566
G01 X1.2114 Y7.9291
G01 X1.2114 Y7.9015
G01 X1.2114 Y7.8740
G01 X1.2114 Y7.8465
G01 X1.2114 Y7.8190
G01 X1.2389 Y7.7914
G01 X1.2389 Y7.7639
G01 X1.2389 Y7.7364
G01 X1.2114 Y7.7088
G01 X1.2114 Y7.6813
G01 X1.2114 Y7.6538
G01 X1.2114 Y7.6262
G01 X1.2114 Y7.5987
G01 X1.2389 Y7.5712
G01 X1.2389 Y7.5436
G01 X1.2389 Y7.5161
G01 X1.2665 Y7.4886
G01 X1.2940 Y7.4886
G01 X1.3215 Y7.4886
G01 X1.3490 Y7.4886
G01 X1.3766 Y7.4886
G01 X1.4041 Y7.4610
G01 X1.4316 Y7.4335
G01 X1.4592 Y7.4335
G01 X1.4867 Y7.4335
G01 X1.5142 Y7.4335
G01 X1.5418 Y7.4335
G01 X1.5693 Y7.4335
G01 X1.5968 Y7.4335
G01 X1.6244 Y7.4335
G01 X1.6519 Y7.4335
G01 X1.6794 Y7.4335
G01 X1.7070 Y7.4335
G01 X1.7345 Y7.4060
G01 X1.7620 Y7.4060
G01 X1.7895 Y7.4060
G01 X1.8171 Y7.4060
G01 X1.8446 Y7.4060
G01 X1.8721 Y7.4060
G01 X1.8997 Y7.4060
G01 X1.9272 Y7.4060
G01 X1.9547 Y7.4060
G01 X1.9823 Y7.4335
G01 X1.9823 Y7.4610
G01 X1.9823 Y7.4886
G01 X1.9547 Y7.5161
G01 X1.9547 Y7.5436
G01 X1.9547 Y7.5712
G01 X1.9272 Y7.5987
G01 X1.9272 Y7.6262
G01 X1.9272 Y7.6538
G01 X1.9272 Y7.6813
G01 X1.8997 Y7.7088
G01 X1.8997 Y7.7364
G01 X1.8997 Y7.7639
G01 X1.8997 Y7.7914
G01 X1.8997 Y7.8190
G01 X1.8721 Y7.8465
G01 X1.8721 Y7.8740
G01 X1.8721 Y7.9015
G01 X1.8721 Y7.9291
G01 X1.8721 Y7.9566
G01 X1.8721 Y7.9841
G01 X1.8721 Y8.0117
G01 X1.8446 Y8.0392
G01 X1.8446 Y8.0667
G01 X1.8446 Y8.0943
G01 X1.8446 Y8.1218
G01 X1.8446 Y8.1493
G01 X1.8446 Y8.1769
G01 X1.8446 Y8.2044
G01 X1.8171 Y8.2319
G01 X1.8171 Y8.2595
G01 X1.8171 Y8.2870
G01 X1.8171 Y8.3145
G01 X1.8171 Y8.3421
G01 X1.7895 Y8.3696
G01 X1.7620 Y8.3696
G01 X1.7345 Y8.3696
G01 X1.7070 Y8.3696
M3 S30 ; PEN UP
G00 X1.4041 Y8.4797
M3 S50 ; PEN DOWN
G01 X1.3766 Y8.4522
G01 X1.3766 Y8.4246
G01 X1.3766 Y8.3971
G01 X1.3766 Y8.3696
G01 X1.3766 Y8.3421
G01 X1.3766 Y8.3145
G01 X1.3766 Y8.2870
G01 X1.3766 Y8.2595
G01 X1.3766 Y8.2319
G01 X1.3766 Y8.2044
G01 X1.3766 Y8.1769
G01 X1.3766 Y8.1493
G01 X1.3766 Y8.1218
G01 X1.3766 Y8.0943
G01 X1.3766 Y8.0667
G01 X1.3766 Y8.0392
G01 X1.3766 Y8.0667
G01 X1.3766 Y8.0943
G01 X1.3766 Y8.1218
G01 X1.3766 Y8.1493
G01 X1.3766 Y8.1769
G01 X1.3766 Y8.2044
G01 X1.3766 Y8.2319
G01 X1.3766 Y8.2595
G01 X1.3766 Y8.2870
G01 X1.3766 Y8.3145
G01 X1.3766 Y8.3421
G01 X1.3766 Y8.3696
G01 X1.3766 Y8.3971
G01 X1.3766 Y8.4246
G01 X1.3766 Y8.4522
M3 S30 ; PEN UP
G00 X1.3766 Y8.6724
M3 S50 ; PEN DOWN
G01 X1.3766 Y8.6449
G01 X1.3766 Y8.6174
G01 X1.3766 Y8.5898
G01 X1.3766 Y8.5623
G01 X1.3766 Y8.5898
G01 X1.3766 Y8.6174
G01 X1.3766 Y8.6449
G01 X1.3766 Y8.6724
G01 X1.3490 Y8.7000
M3 S30 ; PEN UP
G00 X18.6664 Y11.4256
M3 S50 ; PEN DOWN
G01 X18.6664 Y11.3981
G01 X18.6664 Y11.3705
G01 X18.6664 Y11.3430
G01 X18.6664 Y11.3155
G01 X18.6664 Y11.2879
G01 X18.6664 Y11.2604
G01 X18.6664 Y11.2329
G01 X18.6664 Y11.2053
G01 X18.6664 Y11.2329
G01 X18.6664 Y11.2604
G01 X18.6664 Y11.2879
G01 X18.6664 Y11.3155
G01 X18.6664 Y11.3430
G01 X18.6664 Y11.3705
G01 X18.6664 Y11.3981
G01 X18.6664 Y11.4256
G01 X18.6664 Y11.4531
M3 S30 ; PEN UP
G00 X15.7756 Y19.6575
M3 S50 ; PEN DOWN
G01 X15.7480 Y19.6575
G01 X15.7756 Y19.6575
G01 X15.8031 Y19.6850
M2
